"topic_id","question_text","options","correct_answer"
"9109","Xarici qurğuların idarə olunması üçün istifadə edilən elektron sxem aşağıdakılardan hansıdır ?","[""Plotterlər"", ""Şifratorlar"", ""Drayverlər"", ""Kontrollerlər"", ""Skanerlər""]","3"
"9109","Elektron cədvəldə sətirlər necə nömrələnir ?","[""A, B, C, ...Z, AA,. :"", ""1,2,3,....."", ""İxtiyari"", ""Sağdan sola"", ""Aşağıdan yuxarı""]","0"
"9109","Aşağıdakılardan hansı İntenet şəbəkəsində elektron poçt ünvanı ola bilər ?","[""user at host"", ""2:5020\\23.77"", ""victor@"", ""gularaisayeva@mail.ru"", ""nT@@mgpu.nisk.ni.""]","3"
"9109","İnformasiyanın miqdarının elementar ölçü vahidi hansıdır ?","[""Bayt"", ""Kbayt"", ""Mbayt"", ""Bit"", ""Səkkiz bit""]","0"
"9109","Digər kompyuterlərlə informasiya mübadiləsini telefon şəbəkəsi vasitəsilə yaradan qurğu hansıdır ?","[""Telefon"", ""Şəbəkə"", ""Kabellər"", ""Modem"", ""1-4 cavablarından heç birisi düzgün deyil.""]","3"
"9109","Kompyuterdə diyircəkli avtoqələmin analoqu olan əmrli idarəetmə qurğusu hansıdır ?","[""Skaner"", ""Maus"", ""Trekbol"", ""Coystik"", ""Penmaus""]","4"
"9109","Fayl nədir ?","[""Kompyuterdə istifadə olunan proqram və ya verilənlərə verilmiş addır."", ""Xarici daşıyıcıda yerləşən adlandırılmış verilənlərin ardıcıllığıdır."", ""Verilənlərlə işi təmin edən əməliyyat sisteminin əmridir."", ""Yaddaşda yerləşən və icra üçün hazır olsn proqrmadır."", ""Yaddaşda yerləşən və hər hansı proqram tərəfindən istifadə edilən verilənlərdir.""]","1"
"9109","Kompakt-disk (CD) nədir ?","[""Kiçik ölçüyə malik diskdir."", ""İnformasiyanın yüksək sıxlıqla yazıldığı maqnit diskdir."", ""İnformasiyanın lazer şüası vasitəsilə oxunduğu optik diskdir."", ""İnformasiyanın sıxılması əməliyyatının yerinə yetirilməsindən sonra alınan diskdir."", ""Kiçik ölçülü dəyişdirə bilən maqnit diskdir.""]","2"
"9109","Elektron cədvəlin əsas elementi hansıdır ?","[""Sütun"", ""Sətir"", ""Oyuq"", ""Düstur"", ""İstinad ( müraciət )""]","2"
"9109","Siyahıda verilmiş qurğulardan hansı informasiyanın xaric olunması (çıxışı ) zamanı istifadə olunur.","[""klaviatura , skaner, printer"", ""skaner, printer, kseroks"", ""klaviatura, skaner"", ""monitor, printer"", ""skaner , kseroks""]","3"
"9109","Siayıha verilmiş genişlənmələrdən hansı mətnlər və sənədlərdən ibarət fayllar üçün istifadə olunur?","[""exe, zip"", ""doc , bmp"", ""doc,exe,txt"", ""exe,txt,bmp"", ""doc,txt 0 = 0 0 ( 0 ) 0 = 0 0   0 = 3 6 0 0 h 0 = 0 0  ""]","4"
"9109","Hansı alqoritm xətti adlanır?","[""Hər hansı bir obyektin uzunluğunun hesablayan"", ""Eyni bir əməliyyatı ardıcıl olaraq icra edən"", ""Budaqlanmaya və dövrə malik olmayan"", ""Basic dilində yazılmış"", ""Proseduraya müraciət etməyən""]","2"
"9109","Məntiqi dəyişənin ala biləcəyi qiymət hansıdır ?","[""\""Həqiqət\"", \""Yalan\"" və \""Təyin olunmayıb\"""", ""0,1,2"", ""-1,1:"", ""1-3 cavablarının hamısı düzgündür."", ""1-4 cavablarının heç birisi düzgün deyil .""]","0"
"9109","Elektron cədvəldə oyuq qeyd edilərkən sətrin nömrəsindən əvvəl ""$"" ( və ya ""!"" ) işarəsi qoyularsa, onda bu işarə nəyi göstərəcək?","[""Pul formatını"", ""Düsturun başlanğıcını"", ""Mütləq ünvanlaşdırmanı"", ""Oyuqlar blokunun seçiminin başlanğıcını"", ""Cari sətirdən başlayaraq sətirlərin nömrəsinin yeindən hesablanmasını""]","2"
"9109","Hansı rejim Word mətn redaktorunun ""Fayl"" menyusuna daxil deyil ?","[""Köçürtmək, sıxmaq"", ""Yaratmaq, açmaq"", ""Köçürtmək, açmaq, yadda saxlamaq"", ""Açmaq, sıxmaq"", ""Yaratmaq , yadda saxlamaq""]","4"
"9109","Verilmiş mülahizələrdən hansıları həqiqətdir ? Kompyuter ..... İstismar oluna bilər : 1) Prosessorsuz 2) Daxili yaddaşsız 3) printersiz 4) Disk yaddaşsız","[""1,4"", ""3"", ""1"", ""2"", ""1,2""]","2"
"9109","Əməliyyat sistemi ilə periferiya qurğuları arasında qarşılıqlı əlaqəni təmin edən proqram hansıdır ?","[""Translaytor"", ""Kontroller"", ""Drayver"", ""Kompilyator"", ""Əməliyyat sistemi""]","2"
"9109","Kompyuterdə simvol tipli informasiyanın daxil edilməsi üçün istifadə olunan düyməli ( knopkalı) qurğu hansıdır ?","[""Coystik"", ""Maus"", ""Trekbol"", ""Klaviatura"", ""1-4 cavablarından heç biri dügün deyil.""]","3"
"9109","8 bitlə kodlaşdırılan ən böyük natural ədəd hansıdır ?","[""127"", ""255"", ""256"", ""512"", ""99999999""]","1"
"9109","5 kilobaytda neçə bayt yerləşir ?","[""5000 bayt"", ""5120 bayt"", ""500 bayt"", ""5000 bit"", ""5120 bit""]","1"
"9109","10 mövqedə sıfır və birlərlə kodlaşdırıla bilən ədədlərin sayı nəyə bərabərdir ?","[""1000"", ""1024"", ""10"", ""256"", ""512""]","1"
"9109","16 bitlə kodlaşdırılan ən böyük natural ədəd hansıdır?","[""255"", ""256"", ""32768"", ""65535"", ""99999999""]","3"
"9109","Ən kiçik ünvanlanan yaddaş vahidi nədir?","[""bit"", ""kbit"", ""bayt"", ""kbayt"", ""dit""]","2"
"9109","Aşağıdakı variantların hansında göstərilənlərin hansı kompyuterin texniki vasitələridir? ( Hardware)?","[""Əməliyyat sistemi, mikrosxemlər, yaddaşlar, sərt disk, elastik sürücüsü, CD-ROM"", ""Printer, mikrosxemlər, yaddaşlar, sərt disk, elastik disk sürücüsü, CD-ROM"", ""BİOS, sərt disk , elastik disk sürücüsü, TPP"", ""Standart proqramlar kitabxanası, BİOS, sərt disk, elastik disk sürücüsü, TPP"", ""Bütün periferiya qurğuları və proqramlaşdırma dilləri""]","1"
"9109","Windows Explorer-in sol pəncərəsində qovluqların sol tərəfindəki ""+"" işarəsi nəyi bildirir?","[""Qovluğun alt qovluğu olduğunu və ekranda göründüyünü"", ""Qovluğun aktiv olduğunu"", ""Qovluğun boş olduğunu"", ""Qovluğun bağlı olduğunu"", ""Qovluğun alt qovluğu olduğunu və ekranda görünmədiyini""]","4"
"9109","Power Point-də faylın adının genişlənməsi:","["".ppt"", "".bmp"", "".for"", ""vdb"", ""gif""]","0"
"9109","""File"" menyusuna nə daxil deyil?","[""Save as"", ""Open"", ""Page Setup"", ""Send to"", ""Font""]","4"
"9109","Windows sistemində axırıncı əməliyyatdan imtina etmək üçün hansı düymələr birləşməsindən istifadə edilə bilər?","[""Ctrl+ C"", ""Ctrl+Shift+S"", ""Ctrl+F"", ""Ctrl+Z"", ""Ctrl+F4""]","3"
"9109","""uk"" domeni hansı ölkəyə mənsubdur?","[""Ukrayna"", ""Danimarka"", ""Böyük Britaniya"", ""Rusiya"", ""Fransa""]","0"
"9109","İP protokolu OSİ modelinin hansı səviyyəsinə aiddir?","[""Fiziki"", ""Nəqliyyat"", ""Seans"", ""Təqdimetmə"", ""Şəbəkə""]","4"
"9109","İnternet-də hansı yuxarı səviyyə domeni Azərbaycan göstərir?","[""azm"", ""azn"", ""az"", ""baku"", ""a""]","2"
"9109","WWW-nin açması hansı mənanı verir?","[""Qlobal şəbəkə"", ""Dünya əlaqələndirici şəbəkəsi"", ""Ümumdünya hörümçək toru"", ""Kürəsal şəbəkə"", ""Dünya internet saytları toplusu""]","2"
"9109","Onluq say sistemindəki ən kiçik üçrəqəmli ədəd 8-lik say sistemində neçəyə bərabərdir?","[""144"", ""100"", ""144,5"", ""100,5"", ""99""]","0"
"9109","Sektorun standart ölçüsü nəyə bərabərdir?","[""512 KB"", ""512 MB"", ""512 QB"", ""512 B"", ""512 TB""]","3"
"9109","Klaster nədir?","[""Yaddaş sahəsi"", ""Ünvan"", ""İnformasiyanın ölçü vahidi"", ""Yaddaş vahidi"", ""Verilənlərin ünvanlaşdırılmasının minimal ölçü vahidi 1100,,88772100q27q""]","4"
"9109",".bmp, .gif, jpg, .tif nədir?","[""mətn fayllarının genişlənməsi"", ""cədvəl prosessoru 1 0 ,8 7  2 0 q fayllarının genişlənməsi"", ""musiqi fayllarının genişlənməsi"", ""kompyuter qrafikası fayllarının genişlənməsi"", ""icra olunan proqram fayllarının genişlənməsi""]","3"
"9109","Kompyuterdə riyazi və məntiqi əməliyyatları hansı qurğu yerinə yetirir?","[""mikroprosessor"", ""Bios"", ""Əməli yaddaş"", ""Keş yaddaş"", ""Port""]","0"
"9109","Keş yaddaş nədir?","[""soprosessor"", ""kiçik tutuma və yüksək işləmə sürətinə malik yaddaş"", ""xarici yaddaş"", ""registr yaddaşı"", ""daxili yaddaş""]","1"
"9109","HDD qurğusunun sahəsini məntiqi olaraq bir neçə hissəyə bölmək olarmı?","[""Yox"", ""Hə"", ""Dos-da olmaz"", ""Windows-da"", ""Elektron disklə işləyiriksə , hə""]","1"
"9109","Rastr qrafikasında təsvirin minimal ölçü vahidi hansıdır?","[""nöqtə"", ""xətt"", ""düzbucaqlı"", ""çevrə"", ""ellips""]","0"
"9109","Prosessorun takt tezliyi nəyi müəyyən edir?","[""Kompyuterin markasını"", ""Yaddaşın tutumunu"", ""1 saniyədə kompyuterdə icra olunan əməliyyatların sayını"", ""Dövrədəki gərginliyi"", ""İnformasiyanın ötürülmə sürətini""]","2"
"9109","Komyuterin sistem blokuna hansılar aiddir ?","[""Bütün periferiya qurğuları"", ""Daxili qurğular"", ""Yaddaş qurğuları"", ""Skaner, plotter, strimmer"", ""Ana lövhə, mikroprosessorlar, mikrosxemlər, yaddaşlar, sərt disk, elastik disk sürücü, CD-ROM""]","4"
"9109","İş üsuluna görə Proqram təminatı hansı kateqoriyalara bölünür?","[""Sistem proqramları, qeyri-rezident proqramlar, rezident proqramlar"", ""Sistem proqramları, əməliyyat sistemləri, rezident proqramlar"", ""Xidməti proqramlar və proqramlaşdırma dilləri"", ""Əməliyyat sistemləri , oyun proqramları"", ""Şəbəkə proqram təminatı, TPP, əməliyyat sistemləri""]","0"
"9109","Aşağıdakı fayl genişlənmələrindən hansı faylların arxivləşdirməsi üçün işlənilir?","["".txt,.doc, .rar"", "".exe, .zip, .rar"", ""zip, .rar, .arj"", ""xls, .exe, .zip"", ""txt, .doc, zip""]","2"
"9109","Aşağıdakılardan hansı Əməli yaddaş qurğusuna aiddir?","[""CD-ROM"", ""Keş yaddaş"", ""ED RAM, SD RAM,"", ""BİOS, Sabit yaddaş , keş yaddaş"", ""DRAM, ED RAM, SD RAM""]","4"
"9109","Quark Xpress proqramı nə üçündür?","[""Mətn prosessoru"", ""Cədvəl prosessoru"", ""Stolüstü nəşriyyat proqramı"", ""VBİS"", ""Təqdimatların hazırlanması proqramı""]","2"
"9109","Strimmer nədir və tutumu nəyə bərabərdir?","[""Sərt maqnit diskindəki informasiyanın saxlanması üçün istifadə olunan xüsusi imkanlı maqnitofon, tutumu 120 KB-5MB"", ""xaricetmə qurğusu"", ""maqnit diskindəki informasiyanın saxlanması üçün istifadə olunan xüsusi imkanlı maqnitofon , tutumu: 120 Mb-dan 5 Gb-ya qədər"", ""Verilənləri arxivləşdirmə qurğusu , tutumu : 120 Mb-dan 5 Gb-ya qədər"", ""Verilənləri daxil etmə qurğusu , tutumu : 120 Mb-dan 5 Gb-ya qədər""]","2"
"9109","Alqoritmin hansı xassələri var ? 1. Kütləvilik 2. Müəyyənlik 3. Diskretlik 4. Nəticəlilik 5. Dövrülük 6.Sonluluq","[""1,2,3,5,6"", ""2,3,4,5,6"", ""3,4,5,6"", ""1,3,4,5,6"", ""1,2,3.4,6""]","4"
"9109","Windows sistemində açıq pəncərəni bağlamaq üçün aşağıdakı hansı klaviatura düymələri sıxlımalıdır ?","[""Ctrl +W"", ""Ctrl+Z"", ""Cntrl +U"", ""Cntrl+ B"", ""Cntrl +V""]","0"
"9109","Kompyuterin potensial imkanı və effektivliyi hansı sistem mikrosxemində asılıdır ?","[""Anakart"", ""Sistem bloku"", ""Mokroprosessor"", ""Kontroller"", ""RAM""]","2"
"9109","Onaltılıq say sistemində olan 11A ədədini onluq say sistemində göstərin.","[""1110"", ""282"", ""256"", ""512"", ""390""]","1"
"9109","On altılıq say sistemində olan 100 ədədini ikilik say sistemində göstərin.","[""10000000"", ""110011001"", ""100000001"", ""100000000"", ""111111111""]","3"
"9109","Onaltılıq say sisteminin ən böyük ikirəqəmli ədədini onluq say sistemində göstərin.","[""1515"", ""430"", ""255"", ""400"", ""285""]","2"
"9109","Aşağıda verilənlərdən biri Fərdi Kompüterin daxili qurğusu deyil:","[""RAM"", ""VideoKart"", ""ROM"", ""Monitor"", ""Ana plata""]","3"
"9109","Kompüterin xarici qurğuları ( əgər tək bir funksiya yerinə yetirərsə) ......və.....olmaqla iki hissəyə ayrılır:","[""Mərkəzi hissə/ Periferiya hissəsi"", ""Giriş qurğuları/ Çıxış qurğuları"", ""Daimi yaddaş/ Əməli yaddaş"", ""Prosessor/ Əməliyyat sistemi"", ""Daxili yaddaş/ Xarici yaddaş""]","1"
"9109","Vərəqdəki məlumat qrafiki şəkildə kompüterə daxil edən qurğu:","[""İdarəetmə qurğusu"", ""Printer"", ""Skaner"", ""Digitayzer"", ""Plotter""]","2"
"9109",".....və.....Prosessorun tərkib hissəsidir:","[""Əməli yaddaş/ Daimi yaddaş"", ""BIOS və CMOS"", ""Daimi yaddaş/ Keş yaddaş"", ""Giriş qurğularının/ Çıxış qurğuları"", ""İdarəetmə qurğusu/ Hesab-məntiq qurğusu""]","4"
"9109","Aşağıda verilənlərdən biri xarici yaddaş qurğusu deyil:","[""RAM"", ""Fləş Kart"", ""FDD"", ""HDD"", ""CD""]","0"
"9109","İlk kompüterlərdən müasir kompüterlərin yaradılmasına qədər istifadə edilən arxitektura necə adlanır?","[""IBM texnikası"", ""Hp texnikası"", ""PC arxitekturası"", ""Apple arxitekturası"", ""Neyman arxitekturası""]","4"
"9109","Aşağıdakı fikirlərdən biri səhvdir:","[""Monitor kompüterin qurğularına nəzarət edir"", ""Prosessor kompüterin beyni hesab edilir"", ""BIOS daxili və daimi yaddaşdır"", ""Operativ yaddaş enerjidən asılıdır"", ""Klaviatura xarici qurğudur""]","0"
"9109","Kompüterin bir çox daxili qurğularını öz üzərində saxlayır, onlar arasında informasiya mübadiləsini təmin edir:","[""Ana plata"", ""Sistem bloku"", ""Prosessor"", ""Qidalanma bloku"", ""Monitor""]","0"
"9109","Aşağıda verilənlərdən biri periferiya qurğularının funksiyası deyil:","[""İnformasiyanı kompüterə daxil etmək"", ""İnformasiyanı daşımaq"", ""İnformasiyanı saxlamaq"", ""Əməliyyat sistemini yükləmək"", ""İnformasiyanı kompüterdən xaric etmək""]","3"
"9109","Verilənlərdən biri Fərdi Kompüterin daxili yaddaşı hesab edilmir:","[""RAM"", ""Registr yaddaş"", ""Keş yaddaş"", ""HDD"", ""ROM""]","3"
"9109","EHM-nin nəsillərə bölünməsi zamanı hansı xüsusiyyət əsas götürülür?","[""Element bazası"", ""İstehsal tarixi"", ""İstehsalçı firma"", ""Prosessorun növü"", ""EHM-in ölçüsü""]","0"
"9109","Hansı varinatda təkcə çıxış qurğuları verilmişdir?","[""Digitayzer,kamera,skaner"", ""Printer,monitor,klaviatura"", ""Printer,skaner,klaviatura"", ""Səsucaldan,printer,monitor"", ""Printer,klaviatura,FDD""]","3"
"9109","Ana plata üzərində olan qurğular arasında innformasiya mübadiləsini təmin edir:","[""Port"", ""Çipset"", ""Kontroller"", ""HDD"", ""Prosessor""]","1"
"9109","Birinci nəsil kompüterlərdə hansı element bazası mövcud deyil?","[""Elektron sxemlər"", ""Elektron lampalar"", ""İnteqral sxemlər"", ""Böyük inteqral sxemlər"", ""Tranzistorlar""]","1"
"9109","İlk kütləvi istehsal olunan fərdi kompüterlər hansı nəslə aid edilir?","[""V"", ""IV"", ""III"", ""II"", ""I""]","1"
"9109","IV nəsil kompüterlərdə element bazasını nə təşkil edir?","[""Diodlar"", ""Böyük və çox böyük inteqral sxemlər"", ""Elekron lampalar"", ""Tranzistorlar"", ""İnteqral sxemlər""]","1"
"9109","Klaviaturada Space Bar düyməsinin funksiyası nədir?","[""Növbəti səhifəyə keçmək"", ""Əvvəlki səhifəyə keçmək"", ""Boşluq simvolunu daxil etmək"", ""Yeni abzasa keçmək"", ""Böyük hərflə yazmaq""]","2"
"9109","Elektrik enerjisindən asılı olan və aktiv proqramları özündə saxlayan yaddaşdır:","[""RAM"", ""Keş"", ""FDD"", ""HDD"", ""Registr""]","0"
"9109","Bu qurğunun funksiyası verilənləri və prosesləri istifadəçiyə göstərməkdir:","[""Klaviatura"", ""Printer"", ""Monitor"", ""Prosessor"", ""Portlar""]","2"
"9109","GHz kompüterlə bağlı hansı kəmiyyyəti ölçmək üçün nəzərdə tutulur?","[""Keş yaddaşı"", ""Mərtəbəliliyi"", ""Prosessorun tezliliyi"", ""Paralel icra edilə bilən əməliyyatların sayını"", ""İnformasiya sıxlığını""]","2"
"9109","Periferiya hissəsinə daxil olmayan qurğular qrupu hansıdır?","[""Daxili yaddaş qurğuları"", ""Xarici yaddaş qurğuları"", ""Giriş qurğuları"", ""Çıxış qurğuları"", ""Giriş-Çıxış qurğuları 1 5 '""]","0"
"9109","Elektrik enerjisindən asılı olan daxili yaddaş qurğusu hansıdır?","[""HDD"", ""Fləş"", ""CD"", ""RAM"", ""DVD""]","3"
"9109","Kompüterinbeyni....,ağlı isə....hesab edilə bilər:","[""Sistem bloku/ Ana plata"", ""Prosessor/ Əməliyyat sistemi"", ""HDD/RAM"", ""Fləş/Keş yaddaş"", ""Prosessor/ RAM""]","1"
"9109","Kompüterin daxili və xarici yaddaş qurğuları arasındakı əlaqənin, informasiya mübadiləsinin təmin edilməsi....ilə həyata keçirilir:","[""Prosessor"", ""Sistem interfeysi"", ""Şəbəkə interfeysi"", ""İstifadəçi interfeysi"", ""Portlar""]","1"
"9109","RAM-a köməkçi olan bu daxili yaddaş qurğusu enerjidən asılıdır:","[""ROM"", ""Keş"", ""Fləş kart"", ""CMOS"", ""BIOS = 0 0   1 2 0 0 ""]","1"
"9109","İstifadəçi və kompüter arasındakı əlaqəni təmin edən kompleksdir:","[""Monitor"", ""İstifadəçi interfeysi"", ""Şəbəkə interfeysi"", ""Portlar"", ""Kontroller""]","1"
"9109","Neyman arxitekturasında kompüter neçə əsas hissədən ibarətdir?","[""2"", ""1"", ""3"", ""6"", ""7""]","0"
"9109","Hansı varinantda Fərdi Kompüterin daxili qurğuları göstərilmişdir?","[""Çipset,HDD"", ""Plotter,Skaner"", ""Çipset,RAM"", ""Plotter,HDD"", ""HDD,RAM = 00 1200""]","2"
"9109","İnternetə qoşulmaq üçün bu periferiya qurğusundan istifadə edilir:","[""RAM"", ""Modem"", ""Faks"", ""ATS"", ""Kontroller""]","1"
"9109","Məlumatları yumşaq diskdə saxlayan bu xarici yaddaş qurğusu müasir dövrdə demək olar ki, istifadə olunmur.","[""ROM"", ""RAM"", ""HDD"", ""FDD"", ""DVD""]","3"
"9109","Aşağıdakılardan biri videokartın(video adapterin)funksiyalarına aid deyil:","[""Analoq təsviri rəqəmsal təsvirə çeviri"", ""Rəqəmsal təsviri analoq təsvirə çevrilir"", ""Monitoru idarə edir"", ""Verilənləri emal edir"", ""Görüntünü monitorda əks etdirir""]","3"
"9109","Videokart və monitorun əlaqəsini təmin edir:","[""COM"", ""VGA"", ""LPT"", ""PS/2"", ""FH""]","1"
"9109","Mausun ekranda göstəricisi necə adlanır?","[""Nişan"", ""İdarəedici"", ""Kontekst"", ""Drag"", ""Kursor""]","4"
"9109","Böyük hərflər və ya kiçik hərflərlə yazma rejiminə keçmək üçün klaviaturanın hansı düyməsi sıxılır?","[""Shift"", ""Caps Lock"", ""Esc"", ""Alt"", ""Win""]","1"
"9109","Hansı bənddə ancaq giriş qurğuları verilmişdir?","[""Plotter,printer,mikrofon"", ""Plotter,printer,monitor"", ""Printer,skaner"", ""Printer,monitor"", ""Joystick,mikrofon""]","4"
"9109","RAM-dan kiçik,sürətli,daxili və elektrik enerjisindən asılı yaddaşdır:","[""Fləş"", ""DVD"", ""CD"", ""Keş"", ""HDD""]","3"
"9109","Aşağıda verilənlərdən hansı Fərdi Kompüterin daxili qurğusu deyil?","[""Çipset"", ""Siçan"", ""RAM"", ""CMOS"", ""Keş yaddaş""]","1"
"9109","Aşağıda verilənləri sürətinin azalması üzrə sıralayın: (1) Küş yaddaş (2) Registr yaddaş (3) RAM","[""1,2,3"", ""1,3,2"", ""3,2,1"", ""2,1,3"", ""2,3,1""]","3"
"9109","Reklam işlərinin vinil və banner üzərində çapı üçün hansı qurğudan istifadə edilir?","[""Plotter"", ""Printer"", ""Skaner"", ""Digitayzer"", ""Proyektor""]","0"
"9109","Verilənlərdən biri giriş qurğusu deyil:","[""Monitor"", ""Maus"", ""Skaner"", ""Mikrofon"", ""Penmause""]","0"
"9109","Kompüterin məhsuldarlığını nu qurğunun sürəti təyin edir:","[""ROM"", ""VideoKart"", ""HDD"", ""Prosessor"", ""RAM""]","3"
"9109","Skaner və printerin bir qurğuda birləşdirilməsi ilə yaradılan qurğu hansı qrupa daxildir?","[""Giriş qurğularına"", ""Giriş- Çıxış qurğularına"", ""Çoxfunksiyalı giriş qurğularına"", ""Çıxış qurğularına"", ""Çoxfunksiyalı çıxış qurğularına""]","1"
"9109","Kompüterin qurğuları arasındakı qarşılıqlı əlaqə necə adlanır?","[""Kompüterin interfeysi"", ""İstifadəçi interfeysi"", ""Çipset"", ""Sistem interfeysi"", ""Mərkəz- periferiya əlaqəsi""]","3"
"9109","1981-ci ildə IBM firması tərəfindən kütləvi istehsal olunan fərdi kompüterlər ""...."" adlanırdı və bu kompüterlər üçün nəzərdə tutulan əməliyyat sistemi ""..."" idi?","[""Pentium1/ Windows 3.1"", ""ENIAC|Windows1"", ""IBM PC | MS DOS"", ""Z1| OS MAC"", ""Z1| Windows 1""]","2"
"9109","""İşçi stansiyalar"" deyiləndə hansı kompüterlər nəzərdə tutulur?","[""Ofis kompüterləri"", ""Serverlər"", ""Xususi güclü kompüterlər"", ""Super EHM"", ""Orta EHM""]","0"
"9109","Kompüter və istifadəçi (insan) arasındakı qarşılıqlı əlaqə ümumi şəkildə necə adlanır?","[""İstifadəçi interfeysi"", ""Mətni interfeys"", ""Qrafiki interfeys"", ""Qarışıq interfeys"", ""OLE interfeys""]","0"
"9109","Lokal şəbəkələrin idarə olunması üçün istehsal olunan kompüterlər necə adlanır?","[""İşçi stansiyalar"", ""Ötürücülər"", ""Serverlər"", ""Super EHM"", ""Mikro EHM""]","2"
"9109","Aşağıda göstərilənlərdən biri port deyil:","[""USB"", ""Çipset"", ""FireWire"", ""PS\\2"", ""Com""]","1"
"9109","Kompüterdə hesablama əməliyyatlarının icrasını prosessorun hansı hissəsi yerinə yetirir?","[""İdarəetmə qurğusu"", ""Hesab- məntiq qurğusu"", ""Giriş qurğusu"", ""Registr qurğusu"", ""Nəzarət qurğusu""]","1"
"9109","Aşağıda göstərilənlərdən hansı GHz-lə ölçülür?","[""Təsvir keyfiyyəti"", ""RAM-ın sürəti"", ""Çap dəqiqliyi"", ""Prosessorun tezıiyi"", ""Çap surəti""]","3"
"9109","Bu kiçik həcmli daxili yaddaş qurğusu RAM-dan daha sürətli olsa da registr yaddaşdan bu baxımdan geri qalır:","[""HDD"", ""Keş"", ""Fləş"", ""CD"", ""DVD""]","1"
"9109","""Sadəcə oxuna bilən yaddaş"" deyəndə nə nəzərdə tutulur?","[""RAM"", ""HDD"", ""DVD"", ""CD"", ""ROM""]","4"
"9109","""Num Lock"" düyməsinin funksiyası nədir?","[""Klaviaturanın rəqəm düymələrini aktiv və ya passiv etmək"", ""Seçilmiş obyektləri nömrələmək"", ""Sözlər arasında boşluq buraxmaq"", ""Boşluqları qeyd etmək"", ""Kursorun görünüş formasını dəyişmək""]","0"
"9109","Aşağıda göstərilənlərdən biri mausun növü kimi götürülə bilməz:","[""Trekbol"", ""Dicitayzer"", ""touchpad"", ""Penmaus"", ""joystick""]","1"
"9109","İstifadəçi ilə kompüter arasında əlaqəni təmin edən bu qurğu məlumatları və prosesləri istifadəçiyə göstərir:","[""Monitor"", ""Plotter"", ""Printer"", ""Mikrofon"", ""Skaner""]","0"
"9109","İstifadəçinin əmrləri kompüterə daxil etməsini təmin edən bu qurğunu əl hərəkətləri və əsasən 2 düymə ilə idarə etmək mümkündür:","[""Skaner"", ""Modem"", ""Printer"", ""Maus"", ""Mikrafon""]","3"
"9109","Telekanallara baxmaq üçün istifadə edilən və analoq informasiyanı rəqəmsal informasiyaya çevirən qurğu hansıdır?","[""Plotter"", ""Stimmer"", ""Skaner"", ""Dicitayzer"", ""TV tüner""]","4"
"9109","Monitorda görüntünün kifayət qədər yaxşı alınması üçün....güclü olmalıdır:","[""RAM"", ""Prosessor"", ""Ana Plata"", ""Kontroller"", ""Videokart""]","4"
"9109","İş prinsipinə görə printerlər.......və......olmaqla iki hissəyə ayrılır:","[""İynəli/Şırnaqlı"", ""Maye mürəkkəbli/ Mürəkkəb tozlu"", ""Zərbli/ Zərbsiz"", ""Lazerli/Adi"", ""Matrisalı/ Lazerli""]","2"
"9109","Qulaqcıq və mikrofonun birləşməsindən əmələ gələn qurğu hansı tipə aid edilməlidir?","[""Çıxış qurğularına"", ""Giriş- Çıxış qurğularına"", ""Xarici yaddaş qurğularına"", ""Mərkəzi qurğulara"", ""Dinamik qurğulara""]","1"
"9109","Kompüterin monitoru işləmədikdə bu qurğu tam şəkildə monitoru əvəz edə bilər:","[""Proyektor"", ""Plotter"", ""Strimmer"", ""Scaner"", ""Dicitayzer""]","0"
"9109","Printerdən daha çox imkanlara malik olan bu qurğu əsasən reklam mətnlərinin çapı üçün istifadə olunur:","[""Plotter"", ""Skaner"", ""Strimmer"", ""Meqa printer"", ""Qrafiki planşet""]","0"
"9109","Aşağıda verilmiş qurğulardan biri kompüterin işlənməsi üçün vacibdir:","[""Fləş"", ""Printer"", ""Monitor"", ""ROM"", ""Siçan""]","3"
"9109","Daxili və daimi yaddaş deyiləndə aşağıdakılardan hansı nəzərdə tutulur?","[""ROM"", ""VideoKart"", ""RAM"", ""Prosessor"", ""RAM və ROM""]","0"
"9109","Verilənlərdən biri analoq səs siqnallarını kompüterə daxil etmək üçündür:","[""Klaviatura"", ""Mause"", ""Monitor"", ""Skaner"", ""Mikrofon""]","4"
"9109","Start menyunu açmaq üçün ( Windows 7) nəzərdə tutulan düymə(lər) hansıdır? (1) USB (2)COM (3) PS/2","[""1,2,3"", ""3,2,1"", ""1,3,2"", ""2,3,1"", ""2,1,3""]","2"
"9109","Elmin müxtəlif sahələrində qarşıya çıxan müxtəlif problemlərin həllini təmin edən evristik tip proqramlar qrupunun ümumi adıdır:","[""Ekspert sistemlər"", ""Problemyünlü proqramlar"", ""Üsulyönlü proqramlar"", ""Nəzarət proqramları"", ""Statistik proqramlar""]","0"
"9109","Aşağıdakı variantlardan birində alqoritmin növləri göstərilmişdir:","[""Nəqli,sxematik"", ""Xətti, budaqlanan,dövri"", ""Nəqli,proqram,blok-sxem"", ""Xətti,dövri,budaqlanan,kütləvi"", ""Düzxətli,dairəvi,əyrixətli""]","1"
"9109","Alqoritmin icrası zamanı bir birindən fərqli bir neçə yol necə adlanır?","[""Əmr"", ""Nudaq"", ""Verilən"", ""Proses"", ""Addım""]","1"
"9109","Alqoritmin təsvir forması deyil:","[""Təbii dildə təsvir"", ""Blok-sxemlə təsvir"", ""Diaqramlarla təsivr"", ""Proqramlaşdırma dilində təsvir"", ""Alqoritmik dildə təsvir""]","2"
"9109","Hər hansı məsələni həll etmək üçün yerinə yetirilən sonlu sayda addımlar ardıcıllığı....adlanır.","[""Budaq"", ""Qol"", ""Şaxə"", ""Addım"", ""Alqoritm""]","4"
"9109","Aşağıdakılardan biri alqoritmin təsvir üsullarına aid deyil:","[""Sözlə təsvir"", ""Blok-sxemlə təsvir"", ""Periodik təsvir"", ""Alqoritmik dildə təsvir"", ""Psevdokodlarla təsvir""]","2"
"9109","Alqoritmin sonlu sayda addımlardan ibarət olması onun hansı xassəsidir?","[""Diskretlik"", ""Müəyyənlik"", ""Kütləvilik"", ""Nəticəlilik"", ""Xətlilik""]","3"
"9109","""Alqoritmin hər hansı bir nəticəsi olmalıdır""-bu hansı xassə ilə müəyyən olunur?","[""Nəticəlilik"", ""Diskretlik"", ""Kütləvilik"", ""Müəyyənlik"", ""Sonluluq""]","3"
"9109","Alqoritmin bu xassəsi onun bir məsələ üçün deyil,müəyyən qrup məsələlərin həlli üçün tərtib edilmişdir?","[""Diskretlik"", ""Müəyyənlik"", ""Kütləvilik"", ""Nəticəlilik"", ""Dövrilik""]","2"
"9109","Hansılar alqoritmin xassələrini göstərir? (1) Xətlilik (2) nəticəlilik (3) Dövrilik (4) Diskretlik (5) Budaqlanan","[""2,4"", ""1,2,3"", ""2,5"", ""2,3,4"", ""3,4,5""]","0"
"9109","""Alqoritmin icrası nəticəsində mənfi ədəd alına bilməz""- bu alqoritmin hansı xassəsidir?","[""Alqoritmin belə xassəsi yoxdur"", ""Diskretlik"", ""Müəyyənlik"", ""Kütləvilik"", ""Nəticəlilik""]","0"
"9109","Paraleloqram alqoritmin blok-sxemlərlə təsviri zamanı nəyi göstərir?","[""Daxiletmə blokunu"", ""Çıxış blokunu"", ""Məntiqi bloku"", ""Dövr blokunu"", ""Altproqram blokunu""]","0"
"9109","Budaqlanan alqoritmlə bağlı aşağıdakı fikirlərdən hansı doğrudur?","[""Budaqlar sonlu sayda olmmalıdır"", ""Mütləq iki budaq olamlıdır"", ""Ən çox 3 budaq ola bilər"", ""Budaqların maksimal sayı 256-a bərabərdir"", ""Hər bir budaqlanan alqoritmdə dövr olmalıdır""]","0"
"9109","Tərəfləri məlum olan düzbucaqlı fiqurun sahəsinin tapılması hansı növ alqoritmə aiddir?","[""Xətti"", ""Dövri"", ""Budaqlanan"", ""Diskret"", ""Müəyyən""]","0"
"9109","Blok-sxemlərlə təsvir zamanı düzbucaqlı nəyi göstərir?","[""Məntiqi bloku"", ""Modifikasiya"", ""Hesablamanı"", ""Altproqramı"", ""Çıxışı""]","2"
"9109","Alqoritmin ən sadə növünə hansı misal ola bilər?","[""Tərəfləri məlum olan kvadratın perimetrinin hesablanması"", ""Kvadrat tənliyin köklərinin tapılması"", ""Şərtdən asılı olaraq düzbucaqlının sahə və ya perimetrinin tapılması"", ""Kvadrat tənliyin müsbət köklərinin tapılması"", ""Verilmiş 3 müxtəlif ədədin artan sırada düzülməsi""]","0"
"9109","Alqoritmin proqramlaşdırma dillərinin hər hansı birində yazılması onun hansı təsvir formasıdır?","[""Təbii danışıq dili"", ""Blok-sxemlər"", ""Alqoritmik dil"", ""Psevdokodlar"", ""Qrafiki simvollar""]","2"
"9109","Romb blok-sxemlə təsvirdə nəyi ifadə edir?","[""Başlanğıcı"", ""Məntiqi bloku"", ""Dövrü"", ""Sonu"", ""Hesablama""]","1"
"9109","Əgər alqoritmin icrası zamanı dövr nəzərdə tutulmayıbsa (təkrarlanan əməliyyatlar yoxdursa) aşağıdakı fikirlərdən hansı mütləq düzdür?","[""Bu xətti alqoritmdir"", ""Bu dövri alqoritmdir"", ""Bu natamam budaqlanan alqoritmdir"", ""Bu dövrü alqoritm deyil"", ""Bu tam budaqlanan alqoritmdir""]","3"
"9109","Əgər alqoritmin icrası zamanı qarşıya çıxan budaqların hər birində hesablama aparıırsa onda bu....alqoritm adlanır.","[""Tam budaqlanan"", ""Budaqlanan"", ""Dövri"", ""Xətti"", ""Diskret""]","0"
"9109","Alqoritmin icrası zamanı bəzi əməliyyyat və ya əməliyyatlar iki və daha çox sayda təkrarlanarsa bu,alqoritmin....olduğunu göstərir.","[""Xətti"", ""Dövri"", ""Budaqlanan"", ""Diskret"", ""Tam""]","1"
"9109","Blok sxemlərlə tərtib edilmiş alqoritmin kompüterdə işlənməsi üçün onu....yazmaq lazımdır.","[""Təbii danışıq dilində"", ""Qrafiki simvollarla"", ""Qrafiklərlə"", ""Alqoritmik dildə"", ""Siqnallarla""]","3"
"9109","Alqoritmin termini aşağıdakı şəxslərdən hansının adı ilə bağlıdır?","[""Neyman"", ""Beris"", ""Bebic"", ""Məhəmməd İbn Musa Əl-Xarəzm"", ""Lavleys""]","3"
"9109","Hansı halda budaqlanan alqoritm mürəkkəb sturukturlu hesab edilir?","[""Hər iki budaqda hesablama olarsa"", ""Ancaq bir budaqda hesablama olarsa"", ""Budaqların sayı 2-dən çox olarsa"", ""Budaqların sayı 8-dən çox olarsa"", ""Budaqlardakı hesablamalar mürəkkəb olarsa""]","2"
"9109","Kvadrat tənliyin həlli alqoritmin hansı növünə aiddir?","[""Xətti"", ""Dövrü"", ""Budaqlanan"", ""Ağacvari"", ""Qarışıq-dövrü""]","2"
"9109","Sıxışdırılmış ( həcmi azaldılmış) qovluqlar necə adlanır?","[""Şəbəkə qovluqları"", ""Kiçik qovluqlar"", ""Arxiv qovluqları"", ""Verilənlər qovluğu"", ""Piktoqram""]","2"
"9109","Yaddaşda saxlanılan adlandırılmış verilənlər yığımı necə adlanır?","[""Qovluq"", ""Qısa yol"", ""Fayl"", ""Etiket"", ""Proqram""]","2"
"9109","İş masasında olan bəzi faylların piktoqramı solğun rəngdə görünür,bu nə ilə bağlı ola bilər? (1) Cut əmrinin icrası ilə (2) Read only atributu ilə (3) Hidden atributu ilə (4) Copy əmrinin icrası ilə","[""1,3"", ""1,4"", ""3.4"", ""1,2,3"", ""2,4""]","0"
"9109","Windows əməliyyat sistemində qovluq və ya fayllara keçmək üçün istifadə olunan göstərici necə adlanır?","[""Panel"", ""Alət"", ""Kontekst"", ""Bufer"", ""Qısayol""]","4"
"9109","Əgər qovluq pəncərəsində olan obyektlərin sayı çoxdursa və eyni anda hamısını görmək olmursa onların sayını bilmək üçün...baxmaq lazımdır","[""Başlıq sətrinə"", ""Hərəkət panelinə"", ""Ünvan sətrinə"", ""Menyu sətrinə"", ""Təfərrüatlar panelinə""]","4"
"9109","İş masasının görünüşünü dəyişdirmək üçün kontekst menyusunun hansı əmrindən istifadə edilməlidir?","[""Style"", ""View"", ""Review"", ""Sort by"", ""Personailse""]","4"
"9109","Windows əməliyyat sistemində aşağıdakılardan biri fayl və qovluqların adı kimi istifadə edilə bilməz?","[""LPT"", ""Sınaq-1"", ""COM"", ""Cədvəl_2"", ""İmtahan/Sınaq""]","4"
"9109","Windows əməliyyat sistemində hər hansı proqramın quraşdırılması zamanı hansı fayldan istifadə edilir?","[""Setup.xls"", ""Settings.exe"", ""Settings.com"", ""Setup.exe"", ""Com.exe""]","3"
"9109","Haradan silinmə zamanı obyektlər Reycle Bin ( Səbət) qovluğuna düşmür?","[""İş masasından"", ""C diskindən"", ""Fləş kartdan"", ""D diskindən"", ""İş masasındakı qovluqdan""]","2"
"9109","Start menyunun axtarış hissəsindən istifadə etməklə hansı xüsusiyyətinə görə faylları axtarmaq olmaz?","[""Yaradılma vaxtına görə"", ""Adındakı simvol sayına görə"", ""Adının əvvəlindəki bir neçə simvola görə"", ""Adının sonundakı bir neçə simvola görə"", ""Tipinə görə""]","0"
"9109","Aşağıdakı əməliyyatın klaviaturadan icrasından sonra iş masasından silinən obyekt Reycle Bin (Səbət) qovluğuna düşmür:","[""Delete"", ""Shift+Delete"", ""Ctrl+ Delete"", ""Alt+ Delete"", ""Win+Delete""]","1"
"9109","Windows 7 əməliyyat sistemində hansı fayl sistemindən istifadə edilir?","[""FAT8"", ""FAT16"", ""FAT32"", ""WFS"", ""NTFS""]","4"
"9109","Aşağıda göstərilən adlardan ancaq biri fayl və ya qovluqların adlandırılması zamanı istifadə olunur:","[""prin"", ""con"", ""com 1"", ""nul"", ""aux""]","0"
"9109","Aşağıda göstərilənlərdən biri Windows ƏS-in versiyası deyil?","[""Windows 95"", ""Windows 7"", ""Windows Vista"", ""Windows 97"", ""Windows 10""]","3"
"9109","Aşağıda göstərilənlərdən biri Windows ƏS-in 'n güclü versiyası hesab edilir:","[""Home Premium"", ""Enterprise"", ""Professional"", ""Ultimate"", ""Started""]","3"
"9109","Windows 7 ƏS-də istifadə edilən qrafiki interfeysin daha canlı və dinamik forması necə adlanır?","[""MG"", ""Cortana"", ""Metro"", ""AERO"", ""Android""]","3"
"9109","Microsoft firmasının Windows adı altında istehsal etdiyi ilk əməliyyat sistemi hansıdır?","[""Windows 95"", ""Windows 93"", ""Windows Vista"", ""Windows XP"", ""MS DOS""]","0"
"9109","Aşağıda göstərilənlərdən biri Windows 7 ƏS-nin AERO interfeysinə aid deyil:","[""Shake"", ""Peek"", ""Flip"", ""Trans"", ""Snap""]","3"
"9109","Start menyunu açmaq üçün istifadə edilən klaviatura əmri hansıdır?","[""Alt+ Tab"", ""Ctrl+Tab"", ""Win+ Tab"", ""Ctrl+Esc"", ""Alt+ Esc""]","3"
"9109","Dil panelinə yeni dil əlavə etmək üçün dil panelinin kontekst menyusundan və aşılan pəncərədən hansı keçidləri etmək lazımdır?","[""Add-- Language"", ""Properties--Language"", ""Settings--Language"", ""Settings--Add..."", ""Properties--Add""]","3"
"9109","Hər hansı qovluğun tərkibində yerləşən fayllardan birinin adını dəyişib Ərizə qovluqda ƏS-i fayla bu adın verilməsinə icazə vermir,səbəb nə ola bilər?","[""Adlandırmada \""Ə\"" hərfindən istifadə edilə bilməz"", ""Cari qovluqda eyni tipə və ada malik fayl var"", ""Bu ad qadağan olunub"", ""Cari qovluğun adı ilə faylın adı üst-üstə düşür"", ""Qovluq daxilindəki faylların sayı çoxdur""]","1"
"9109","Windows ƏS-də bir qovluğun tərkibində ən çoxu neçə obyekt yerləşə bilər?","[""255"", ""256"", ""512 fayl və 256 qovluq"", ""1024"", ""ƏS-i məhdudiyyət tətbiq etmir""]","4"
"9109","İş masası üzərində bir neçə pəncərə açıq olduqda, hər hansı pəncərəni başlıq sətrindən tutaraq silkələsək digərləri minimalllaşacaq,bu AERO interfeysinin hansı funksiyasına aiddir?","[""Shake"", ""Trans"", ""Peek"", ""Snap"", ""Flip""]","0"
"9109","Windows 7 ƏS-də eyni ada və eyni tipə malik iki fayl hansı qovluğun tərkibində yerləşə bilər?","[""Heç bir qovluqda yerləşə bilməz"", ""İstifadəçi qovluğunda"", ""Reycle Bin qovluğunda"", ""Desktop-da"", ""Downloads qovluğunda""]","2"
"9109","Windows Əməliyyat sistemində "" Sistemin Baş Menyusu""-nu açır:","[""Alt düyməsi"", ""Win düyməsi"", ""Ctrl+ Alt düyməsi"", ""Shift düyməsi"", ""Ctrl+ Delete düyməsi""]","1"
"9109","Windows ƏS-də AERO interfeysinin bu funksiyası pəncərənin ölçüsünün dəyişdirilməsi ilə bağlıdır:","[""Shake"", ""Peek"", ""Snap"", ""Trans"", ""Flip""]","2"
"9109","Qovluq daxilində yerləşən şəkillərə ardıcıl olaraq baxmaq üçün ......üzərində yerləşən Slide Show düyməsindən istifadə edilir:","[""Başlıq sətri"", ""Ünvan sətri"", ""Alətlər paneli"", ""Hərəkət paneli"", ""Təfərrüatlar paneli""]","2"
"9109","Hansı Windows 7 ƏS-də qovluq adı olar bilər?","[""con"", ""com9"", ""1pt"", ""nul"", ""aux""]","2"
"9109","Aşağıda göstərilənlərdən biri Windows 7 ƏS-də qovluq növü deyil:","[""İstifadəçi qovluğu"", ""Ümumi qovluq"", ""Arxiv qovluğu"", ""Sistem qovluğu"", ""Şərti qovluq""]","4"
"9109","Qovluq pəncərəsindəki obyektlərin sayı harada göstərilir?","[""Başlıq sətrində"", ""Ünvan sətrində"", ""Naviqator sətrində"", ""Təfərrüatlar panelində"", ""İşçi sahədə""]","3"
"9109","Qovluq pəncərəsinin bu bölməsindən istifadə etməklə carı qovluq pəncərəsindən bir başa digər qovluqlara keçmək mümkündür:","[""Naviqator paneli"", ""İşçi sahə"", ""Təfərrüatlar paneli"", ""Önbaxış paneli"", ""Baxış sətri""]","0"
"9109","Aşağıda göstərilənlərdən biri LİBRARİES (kitabxanalar) qovluğunun alt qovluğu deyil:","[""Documents(Sənədlər)"", ""Network(Şəbəkə)"", ""Music( Musiqi)"", ""Pictures (Şəkillər)"", ""Videos (Videolar)""]","1"
"9109","Qovluq daxilində yerləşən faylları açmadan daxilinə baxmaq üçün qovluq pəncərəsinin hansı hissəsindən istifadə edilir?","[""İşçi sahədən"", ""Önbaxış panelindən"", ""Axtarış sətrindən"", ""Naviqator sətrindən"", ""Təfərrüatlar panelindən""]","1"
"9109","Göstərilənlərdən biri Windows 7 ƏS-də pəncərə növü deyil:","[""Qovluq pəncərəsi"", ""Dialoq pəncərəsi"", ""Sorğu sisteminin pəncərəsi"", ""İpucu pəncərəsi"", ""Verilənlər pəncərəsi""]","4"
"9109","Sorğu sisteminin pəncərəsini açmaq üçün hansı klaviatura əmrindən istifadə edilir?","[""Alt"", ""Shift"", ""Ctrl+ Alt"", ""F1"", ""Esc""]","3"
"9109","Tapşırıqlar paneli adi halda iş masasının aşağı tərəfində yerləşir, onubn yerini dəyişmək üçün əvvəlcə tapşırıqlar panelinin kontekst menyusundan....əmri passivləşdirilməlidir:","[""Lock the taskbar"", ""Properties"", ""Move"", ""Settings"", ""Add""]","0"
"9109","Mausun göstəricisini qovluq və ya fayl üzərinə apardıqda açılan kiçik pəncərə üzərində həmin obyekt haqqında məlumatlar əks olunur. Bu pəncərə necə adlanır?","[""İpucu pəncərəsi"", ""Kömək pəncərəsi"", ""Yardımçı pəncərə"", ""Qovluq pəncərərsi"", ""Təfərrüatlar paneli pəncərəsi""]","0"
"9109","Start menyunu açan və bağlayan klavaiatura düyməsi hansıdır?","[""Alt"", ""Win"", ""Shift"", ""Ctrl"", ""End""]","1"
"9109","""Pin to taskbar"" əmrinin nəticəsi hansı variantda düzgün göstərilib?","[""Proqramı Start menyuya bərkidir"", ""Proqramın piktoqramını tapşırıqlar panelinə bərkidir"", ""Proqramı kompüterdən silir"", ""Proqramın piktoqramını iş masasına yerləşdirir"", ""Proqramın işləmə paramertlərini göstərir""]","1"
"9109","Fayl və qovluqlar üzərində ""Cut- kəs"",""Copy-köçür"", ""Paste-yapışdır"" əmrləri uyğun olaraq klaviaturadan hansı formada icra olunur?","[""CtrL+C, Ctrl+X, Ctrl+V"", ""Shift+C, Shift+X,Shift+V"", ""Alt+V,Alt+A,Alt+X"", ""Ctrl+Z,Ctrl+Y,Ctrl+A"", ""Ctrl+X, Ctrl+C, Ctrl+V""]","4"
"9109","Qovluq və ya faylın rənginin solğunlaşmasına səbəb nə ola bilər?","[""Copy əmri"", ""Pate əmri"", ""Ctrl+A əmri"", ""Ctrl+Z əmri"", ""Hidden atributu""]","4"
"9109","Hər hansı proqramın Start menyudadaimi qalması üçün hansı əmr icra edilə bilər?","[""Properties"", ""Pin to Start Menu"", ""Pate"", ""Add Start Menu"", ""Send to Start Menu""]","1"
"9109","Start menyunun ilkin açılışında görünən əməliyyat sistemi tərəfindənseçilmiş proqramlar hansı göstəriciyə əsasən sıralanır?","[""Əlifba sırasına görə"", ""Quraşdırılma tarixinə görə"", ""İstifadə ardıcıllığına görə"", ""Təsadüfi şəkildə düzülür"", ""İstifadə sayına görə""]","4"
"9109","Bu əmrin icrasından sonra kompüter söndürülür lakin seans yadda saxlanılır:","[""Hibernate(Mürgüləmə)"", ""Lock(Kilitlə)"", ""Sleep( Yuxu)"", ""Log off ( Seansı bitir)"", ""Restart ( Yenidən başlat)""]","0"
"9109","Elektrik enerjisinə qənaət üçün nəzərdə tutulan rejim hansıdır?","[""Restart"", ""Sleep"", ""Refresh"", ""Paste"", ""Gadgest""]","1"
"9109","Start menyunun ilkin açılışında görünən proqramların sayı maksimum neçə ola bilər?","[""60"", ""30"", ""64"", ""255"", ""Məhdudiyyət yoxdur""]","1"
"9109","Proqramların düzgün şəkildə silinməsi üçün keçid hansı variantda göstərilmişdir?","[""Start--All programs--Delete"", ""Start-- Delete Programs"", ""Start--Unistall"", ""Start-- All Programs--Unistall"", ""Start-- Control Panel-- Programs""]","4"
"9109","Windows 7 ƏS-nin mübadilə buferində ən çox neçə obyekt ola bilər?","[""İstənilən sayda"", ""24 ədəd"", ""Ancaq 1 ədəd"", ""Obyektin həcmindən asılıdır"", ""Kompüterin göstəricilərindən asılıdır""]","2"
"9109","Mini proqramların ( Gadgets) iş masasında göstərilib-göstərilməməsi iş masası kontekst menyusunun hansı keçidi ilə nizamlanır?","[""Sort by"", ""Fayl"", ""Gadgets"", ""Show"", ""View""]","4"
"9109","İş masasının görünüşünün istifadəçinin zövqünə uyğun nizamlanması üçün kontükst menyunun hansı əmri nəzərdə tutulub?","[""Gadgets"", ""Screen resolution"", ""Undo"", ""Personalize"", ""Refresh""]","3"
"9109","İş masasında yerləşən fayl seçildikdən sonra klaviaturada Shift+Delete əmri icra edildi,bu halda.....?","[""Fayl \""Recycle Bin\"" qovluğuna göndəriləcək"", ""Faylın tərkibindəki məlumatlar silinəcək"", ""Fayl birdəfəlik silinəcək"", ""Faylın surəti çıxarılacaq"", ""Belə əmr Windows ƏS-də mövcud deyil""]","2"
"9109","Aşağıda göstərilmiş əmrlərdən hansı qovluğun kontekst menyusunda mövcud ola bilər?","[""Send to"", ""Print"", ""Edit"", ""Preview"", ""Open with""]","0"
"9109","Windows ƏS- də əmrlərin təsdiqi,qovluq və faylların açılması və s.üçün istifadə edilən düymə hansıdır?","[""Esc"", ""Alt"", ""Enter"", ""Shift"", ""F3""]","2"
"9109","Silinmiş faylı səbətdən ( Reycle Bin) əvvəlki yerinə qaytarmaq üçün onun kontekst menyunun hansı əmri nəzərdə tutulub?","[""Send to"", ""Restore"", ""Undo"", ""Redo"", ""Delete""]","1"
"9109","""Send to"" əmri ilə qovluğun....iş masasına göndərmək olar.","[""Özünü və ya surətini"", ""Özünü"", ""Qısa yolunu"", ""Ancaq surətini"", ""Tərkibindəki faylların surətini""]","2"
"9109","Obyekti mausun sağ düyməsi ilə bir qovluqdan digər qovluğa sürükləyən zaman açılmış menyuda hansı əmr mövcud deyil?","[""Copy here"", ""Move here"", ""Paste here"", ""Create shortcuts here"", ""Cancel""]","2"
"9109","Mübadilə buferini əvəz edən bu texnologiya maus vasitəsi ilə obyektlərin yerini dəyişməyə,surətini almağa və ya qısayolunu yaratmağa imkan verir:","[""Drag and Drop"", ""AvtoCopy"", ""AvtoCut"", ""MS Trans"", ""MSCP""]","0"
"9109","Windows 7 ƏS-i ilə birlikdə kompüterə quraşdırılan proqramlar necə adlanır?","[""MS Office"", ""Köməkçi proqramlar"", ""Daimi proqramlar"", ""Rezident proqramlar"", ""Standart proqramlar""]","4"
"9109","Əsas fayl genişlənməsi .txt olan mətn redaktoru hansıdır?","[""Notepad"", ""Paint"", ""WordPad"", ""MS Word"", ""Wordpress""]","0"
"9109","Sözdə orfoqrafik səhvin olması MS Word 2010 proqramında hansı formada göstərilir?","[""Yaşıl xətlə"", ""Xüsusi qeydlə"", ""Sarı vurğulama rəngi ilə"", ""Buferdəki xəbərdarlıqla"", ""Qırmızı xətlə""]","4"
"9109","Verilən lent qruplarından biri Home lent tabına aid deyil:","[""Paragraph"", ""Clibboard"", ""Font"", ""Styles"", ""Themes""]","4"
"9109","Home Lent tabına aşağıdakılardan hansı daxil deyil?","[""Bold"", ""Font Color"", ""Text Effects"", ""Copy"", ""Object""]","4"
"9109","Aşağıda göstərilənlərdən biri File Lent tabına daxil deyil:","[""Paste"", ""Save"", ""Open"", ""New"", ""Print""]","0"
"9109","MS Word 2010 proqramında hansı ad genişlənməsi yoxudr?","["".doc"", "".docx"", "".rtf"", "".dokx"", "".txt""]","3"
"9109","Variantlarda göstərilənlərdən biri aşağı açılan siyahı ( Dropdown List) düyməsidir:","[""Copy"", ""Bold"", ""Picture"", ""Symbol"", ""Italik""]","3"
"9109","Backstage View görünüş rejiminə keçmək üçün sıxılmalıdır:","[""File"", ""Home"", ""View"", ""Back stage"", ""Insert""]","0"
"9109","Standart açılış zamanı MS Word 2010 proqramının sağ aşağı hissəsində neçə görünüş düyməsi yerləşir?","[""3"", ""5"", ""4"", ""6"", ""2""]","1"
"9109","File--Info-- Protect Document keçidi ilə aşağıdakılardan hansını etmək olmaz?","[""Sənədin açılışına parol qoymaq"", ""Sənədin redaktəsini məhdudlaşdırmaq"", ""Sənədi tamamlanmış kimi qeyd etmək"", ""Sənədə Çapdan əlavə baxmaq"", ""Rəqəmsal imza əlavə etmək""]","3"
"9109","Word proqramında istiifadə edə biləcəyimiz ən kiçik şrift ölçüsü neçədir?","[""8"", ""11"", ""1"", ""0,5"", ""5""]","2"
"9109","MS Office paketinə daxil olan bu proqram elektron hesablamalar üçündür?","[""Visi Calc"", ""Excel"", ""Super Calc"", ""Lotus"", ""MS PowerPoint""]","1"
"9109","Aşağıda verilən genişlənmələrdən hansı elektron cədvəl faylını göstərir?","["".xll"", "".doc"", "".xlc"", "".docx"", "".xlsx""]","4"
"9109","MS Excel 2010 proqram pəncərəsinin düstur sətrində nə göstərilir?","[""Sətrin adı"", ""Sütunun adı"", ""Xananın tərkibi"", ""Ancaq düsturun tərkibi"", ""Xananın adı""]","2"
"9109","MS Excel proqramında Ctrl+F4 əmrinin nəticəsi nə olacaq?","[""Proqram bağlanacaq"", ""Cari fayl bağlanacaq"", ""Sorğu düyməsi itəcək"", ""Menyu lenti itəcək"", ""Başlıq sətri gizlənəcək""]","1"
"9109","MS Excel 2010 proqram pəncərəsini bağlamaq üçün hansı əmr icra edilə bilər?","[""Ctrl+F4"", ""Alt+ F4"", ""F4"", ""Shift+ Alt"", ""Shift+ F1""]","1"
"9109","Cümləni tamamlayan variant hansıdır:"" MS Excel proqramında sətir və sütün başlıqlarının kəsişdiyi yerdə( A1 xanasının sol yuxarı hissəsində) olan düyməni sıxsaq......"" :","[""Xanalar silinəcək"", ""Ünvan sətri gözdən itəcək"", ""Sütun və Sətir başlıqları gizlədiləcək"", ""Xanalar formatlarlaşdırılacaq"", ""İşçi vərəq seçiləcək""]","4"
"9109","MS Excel 2010 proqramında sütun və sətirlərin kəsişməsi necə adlanır?","[""Xana"", ""Verilən"", ""Diapazon"", ""Sətir başlığı"", ""Sütun başlığı""]","0"
"9109","C1:F7 diapazonunda neçə xana yerləşir?","[""7"", ""24"", ""28"", ""32"", ""25""]","2"
"9109","MS Excel faylı üzərində işləyərkən,faylın müəyyən vaxt fasilələri ilə yaddaşa verilməsini hansıkeçidlə tənzimləmək olar?","[""View--Time"", ""File--Save as"", ""File--Save Time"", ""File--Options"", ""Home--Time""]","3"
"9109","Excel proqramında sətir adları (başlıqları) nə ilə işarə olunur?","[""Hərflərlə"", ""Ədədlərlə"", ""Xüsusi işarələrlə"", ""Riyazi simvollarla"", ""Fərqli rənglərlə""]","1"
"9109","Standart açılış zamanı Excel proqramında işçi vərəqlər necə adlanır?","[""Page"", ""Sheet"", ""Worksheet"", ""WorkPage"", ""WorkBook""]","1"
"9109","Excel proqramında K256 xanasına keçmək üçün hansı əməliyyat icra edilə bilər?","[""Ünvan sətrinə \""K256\"" yazılır və Enter sıxılır"", ""Düstur sətrinə \"" K256\"" yazılır və Enter sıxılır"", ""İstənilən xanaya \""K256\"" yazılır və Alt sıxılır"", ""İstənilən xanaya \""=K256\"" yazılır və Enter sıxılır"", ""A1 xanasına \""Go To K256\"" yazılır və Enter sıxılır""]","0"
"9109","Excel faylının yaddaşa yazılması zamanı adlandırmada ən çox neşə simvoldan istifadə edilə bilər?(Windows platformasında)","[""31"", ""256"", ""255"", ""8"", ""215""]","2"
"9109","MS Excel faylının çap edilməsi zamanı standart halda hansı çapda görünmür?","[""Tor xətləri"", ""Xananın tərkibi"", ""Ədəd tip verilənlər"", ""Mətn tip verilənlər"", ""Düsturun nəticəsi""]","0"
"9109","MS Excel faylını çap etmək üçün hansı klaviatura əmri nəzərdə tutulub?","[""Win+P"", ""Ctrl+P"", ""Ctrl+O"", ""Alt+C"", ""Shift+F4""]","1"
"9109","MS Excel proqramından istifadə edərkən, çap zamanı"" Print Selection"" seçilərsə, ancaq....çap ediləcək?","[""Diapazon(seçilmiş hissə)"", ""Formatlı xanalar"", ""Ədəd tipli verilənlər"", ""Mətn tipli verilənlər"", ""İşçi vərəqi bütövlükdə""]","0"
"9109","Düzbucaqlı şəklində olan xanalar çoxluğunu seçən zaman hansı klaviatura düyməsinin köməyindən istifadə edilə bilər?","[""Esc"", ""Shift"", ""Alt"", ""Ctrl+ Alt"", ""Shift+ Alt""]","1"
"9109","Kiçik ölçülü cədvəlin çap zamanı səhifənin mərkəzi hissəsində yerləşməsini Page Setup pəncərəsinin hansı bölməsindən icra etmək olar?","[""Margins"", ""Page"", ""Header/Footer"", ""Sheet"", ""Size""]","0"
"9109","Dusturlarda bəzi hallarda istifadə edilən $ işarəsi (məs: $A$2) nəyi göstərir?","[""Pul vahidini"", ""Mütləq ünvanı"", ""Düsturda hesablama olduğunu"", ""Nəticənin tapılmadığını"", ""Düsturda səhv olduğunu""]","1"
"9109","Susmaya görə MS Excel proqramında sütunlar necə adlanır?","[""A,B,C,D..."", ""1A,2B,3C,4D..."", ""A1,A2,A3,A4..."", ""A1,B1,C1,D1..."", ""I,II,III,IV...""]","0"
"9109","İş kitabının Name Box ( Ad Qutusu) hissəsində nə göstərilir?","[""Seçilmiş xananın tərkibi"", ""Seçilmiş xananın sütun adı"", ""Seçilmiş xananın ünvanı"", ""Seçilmiş xananın sətir nömrəsi"", ""Seçilmiş xananın tərkibindəki ədəd tipli verilən""]","2"
"9109","Excel faylına yeni işçi vərəqin əlavə edilməsi üçün Home lent tabının hansı lent qrupundan istifadə edilməlidir?","[""Editing"", ""Styles"", ""Cells"", ""Font"", ""Sheets""]","2"
"9109","MS Excel 2010 proqramında sətirlər necə adlanır?","[""A,B,C,D"", ""1,2,3,4"", ""A1,A2,A3,A4"", ""A1,B1,C1,D1"", ""I,II,III,IV""]","1"
"9109","Oyuqları formatlamaq üçün Home menyusunun Format düyməsindən,mausun sağ düyməsi ilə açılan kontekst menyunun...əmrindən və klaviaturanın Ctrl+1 əmrindən istifadə edilə bilər:","[""Cells"", ""Cell Styles"", ""Formatting"", ""Format Cells"", ""Format as Table""]","3"
"9109","Xana daxilindəki məlumatın surətini almaq üçün onu mausun sol düyməsi ilə sürükləyən zaman....düyməsi sıxılmalıdır:","[""Ctrl+Z"", ""Alt"", ""Alt+ Enter"", ""Shift"", ""Ctrl""]","4"
"9109","Aşağıdakılardan biri Insert Lent tabına aid lent qrupu deyil?","[""Tables"", ""Images"", ""Illustrations"", ""Charts"", ""Media""]","3"
"9109","MS Power Point 2010proqramında yaddaşa vermə zamanı faylın tipi Power Point Show seçilərsə fayl hansı genişlənməyə sahib olacaq?","["".mppx"", "".ppsx"", "".ptsx"", "".ppt"", "".ppts""]","1"
"9109","Təqdimata yeni slayd əlavə etmək üçün hansı lent qrupunun əmrindən istifadə edilə bilər?","[""Slides"", ""Insert"", ""Font"", ""Page Setup"", ""Editing""]","0"
"9109","Susmaya görə təqdimat faylının yaddaşa yazılması zamanı Save as dioloq pəncərəsinin Save as type bölməsində aşağıdakıardan hansı seçilmiş olur?","[""PowerPoint Show"", ""PowerPoint presentation"", ""PowerPoint Template"", ""Slide Show"", ""PDF""]","1"
"9109","Slaydın daxilindəki obyektlərə animasiya vermək üçün hansı lent qrupundan istifadə olunur?","[""Insert"", ""Transitions"", ""Animations"", ""Slide Show"", ""View""]","2"
"9109","Slayda səs və ya video fayl əlavə etmək üçün hansı lent qrupundan istifadə etmək olar?","[""Media"", ""Insert"", ""Animations"", ""Slide Show"", ""View""]","0"
"9109","MS Power Point proqramında şriftlərin maksimal ölçüsü standart halda nəyə bərabərdir?","[""48"", ""14"", ""72"", ""409"", ""96""]","4"
"9109","Təqdimata yeni slayd əlavə etmək üçün hansı lent tabından və lent qrupundan istifadə edilir?","[""Home--New"", ""Insert--Slides"", ""Insert--New"", ""Design--Slide"", ""Home--Slides""]","4"
"9109","Power Point proqramında hazırlanmış faylın birbaşa nümayiş rejimində açılması üçün yaddaşa yazma zamanı hansı tip (Save as type) seçilməlidir?","[""PowerPoint Presentation"", ""PowerPoint Template"", ""PowerPoint 97-2003 Presentation"", ""PowerPoint Show"", ""PDF""]","3"
"9109","PowerPoint proqramı yeni açıldıqda susmaya görə ekranda neçə slayd olur?","[""1"", ""2"", ""9"", ""3"", ""5""]","0"
"9109","Slaydların nömrələnməsi zamanı hansı lent qrupundan və hansı əmrdən istifadə edilə bilər?","[""Number-- Slide Number"", ""Text-- Slide Number"", ""Insert--Number"", ""Slides--Number"", ""Insert--Slide Number""]","1"
"9109","Slaydlara əlavə edilmiş obyektlərə animasiya vermək üçün hansı lent qrupundan istifadə edilir?","[""Transitions"", ""Animation"", ""Timing"", ""Set Up"", ""Themes""]","1"
"9109","İş zamanı təqdimat faylına yeni slayd əlavə etmək üçün hansı klaviatura əmri nəzərdə tutulub?","[""Ctrl+N"", ""Shift+F5"", ""Ctrl+M"", ""F5"", ""F2""]","2"
"9109","Əgər nümayişə cari slayddan başlamaq lazımdırsa bu zaman klaviaturadan....ilk slayddan etibarən başlamaq lazım gələrsə...əmri icra edilməlidir.","[""Shift+F5/F5"", ""F1/F2"", ""F5/Shift+F5"", ""Alt+F5/Shift+F5"", ""Tab/F5""]","0"
"9109","Slaydlara ayrı-ayrılıqda qeyd qoymaq üçün nəzərdə tutulan bu görünüş rejimində, slaydvə həmin slayd üçün yazılmış qeyd bir səhifə üzərində göstərilir:","[""Slide Sorter"", ""Reading View"", ""Notes Page"", ""Slide Show"", ""Slide Master""]","2"
"9109","Standart halda Power Point 2010 faylı hansı genişlənməyə malik olur?","["".pptx"", "".ppsx"", "".pps"", "".ptsx"", "".ptpx""]","0"
"9109","PowerPoint proqram pəncərəsinin Slides hissəsindən (panelindən) sonuncu slayd mausla seçildi və klaviaturadan Enter düyməsi sıxıldı. Bu halda nə baş verəcək?","[""Fayla yeni slayd əlavə ediləcək"", ""Cari slayd yeni slaydla əvəz ediləcək"", ""Bütün slaydlar silinəcək"", ""Slaydların dublikatı çıxarılacaq"", ""Seçilən slayddan başqa digər slaydlar silinəcək""]","0"
"9109","""Slayd"" dedikdə nə nəzərdə tutulur?","[""Təqdimatın hamısı"", ""Təqdimatın bir səhifəsi"", ""Animasiya verilmiş səhifələr"", ""Bir neçə təqdimat"", ""Keçid verilmiş səhifələr""]","1"
"9109","MS Office proqramlarında çap əmrinin icrası üçün istifadə edilən Ctrl+P klaviatura əmri Power Point proqramının....görünüş rejimində fərqli funksiya icra edir:","[""Reading View"", ""Slide Sorter"", ""Slide Show"", ""Normal"", ""Notes Page""]","2"
"9109","Təqdimatı hazırlayan zaman slayd temaları (Themes) hansı lent tabından seçilir?","[""File"", ""Home"", ""Insert"", ""Design"", ""Transitions""]","3"
"9109","Təqdimat faylından slaydların nömrələnməsi üçün Insert lent tabının Slide Number düyməsi ilə açılan pəncərədən və.....əmrindən istifadə edilə bilər:","[""File--Slide Number"", ""Home--Heade/Footer"", ""File-Print--Edit Header/Footer"", ""Transitions--Edit Slide Number"", ""Page Layout--Header/Footer--Slide Number""]","2"
"9109","Cari təqdimat faylı üzərində işləyən zaman yeni bir təqdimat faylı açmaq üçün hansı klaviatura qısayolu nəzərdə tutulub?","[""Ctrl+M"", ""Shift+S"", ""Ctrl+N"", ""Ctrl+S"", ""Alt+Tab""]","2"
"9109","Aşağıda göstərilənlərdən hansı MS PowerPoint 2010proqramında kontekst (və ya köməkçi) lent tabıdır:","[""Format"", ""Home"", ""Insert"", ""Slide Show"", ""Animations""]","0"
"9109","Hansı doğrudur? ""Kompüter ....istifadə oluna bilər"" (1) prosessorsuz (2) daxili yaddaşsız (3) printersiz (4) CD ROM-suz","[""1,2"", ""3,4"", ""1,3"", ""1,4"", ""2""]","1"
"9109","OSI modelinin ən aşağı səviyyəsi hansı hesab edilir?","[""Kanal səviyyəsi ( Data link)"", ""Tətbiq səviyyəsi (Application layer)"", ""Fiziki səviyyə ( Physical layer)"", ""Nümayiş səviyyəsi ( Presentation layer)"", ""Seans səviyyəsi ( Seasion layer)""]","2"
"9109","Verilənlərdən hansı təhsil müəssəsinə aid domendir?","[""www.mnm.com"", ""www.mnm.mil.az"", ""www.mnm.int.az"", ""www.mnm.gov.az"", ""www.mnm.edu.az""]","4"
"9109","Prosessor və RAM arasında əlaqəni sürətləndirən hansıdır?","[""Case"", ""Drayver"", ""Kontroller"", ""Keş yaddaş"", ""ROM""]","0"
"9109","Aşağıda verilənlərdən hansı düzgün deyil?","[""İnformasiyanın saxlanması informasiya proseslərinə aiddir"", ""Kompüterin yaddaşında saxlanılanlar verilən adlanır"", ""RGB 3 rəngin qarışığından müxtəlif rənglərin alınması sisteminidir"", ""UNİCODE simvolların 16 bitlə kodlaşdırma sisteminidir"", ""Mətn tipli informasiyanı təkcə Unicode sistemi kodlaşdıra bilir""]","4"
"9109","Verilən qurğulardan neçəsi informasiyanı kompüterdən xaric edə bilir: printer,skaner,modem,qulaqcıq,siçan,monitor","[""2"", ""3"", ""4"", ""5"", ""6""]","2"
"9109","Aşağıda verilənlərdən hansı mətni istifadəçi interfeysinə əsaslanan birməsələli və biristifadəçili əməliyyat sistemidir?","[""Windows XP"", ""Vista"", ""MS DOS"", ""Windows 95"", ""Windows Server""]","2"
"9109","Ethernet lokal şəbəkəsində hansı topologiyadan istifadə edilir?","[""Ulduz"", ""Halqavari"", ""Aktiv ağac"", ""Passiv ağac"", ""Şin""]","4"
"9109","İnternet vasitəsilə Web sənədlərə müraciəti (səhifənin açılmasını) və bu sənədlər arasında hiperistinadlar vasitəsi ilə keçidi hansı xidmət təşkil edir?","[""WWW"", ""E-mail"", ""Telnet"", ""Usenet"", ""ICQ""]","0"
"9109","MS Excel 2010 cədvəlində B1:F10 diapozonunda neçə sütun yerləşir?","[""10"", ""9"", ""11"", ""5"", ""50""]","3"
"9109","Analoq informasiyanı rəqəmsala,rəqəmsal informasiyanı analoqa çevirə bilən giriş- çıxış qurğusu hansıdır?","[""Printer"", ""Plotter"", ""Monitor"", ""Modem"", ""RAM""]","3"
"9109","Alqoritmləşdirmə zamanı məsələnin kompüterdə həlli məsələlərinə aid olmayan hansıdır?","[""Məsələnin qoyuluşu"", ""Proqramın sazlanması"", ""Nəticələrin analizi"", ""Həllin psevdokodlarla yazılışı"", ""Həll alqoritminin yaradılması""]","3"
"9109","Aşağıda verilənlərdən hansı sosial şəbəkə hesab edilmir?","[""Yandex"", ""Facebook"", ""Badoo"", ""Twitter"", ""Classmates""]","0"
"9109","MS Word 2010 proqramında bütün mətni seçmək üçün F8 düyməsi neşə dəfə sıxılmalıdır?","[""2"", ""3"", ""4"", ""5"", ""6""]","3"
"9109","Windows 7əməliyyat sistemində aşağıda göstərilənlərdən biri iş masası ikonu ( Destkop Icons) deyil:","[""Computer"", ""Control Panel"", ""Reycle Bin"", ""Downloads"", ""Network""]","3"
"9109","Çıxış qurğuları hansı variantda göstərilmişdir?","[""Plotter"", ""Skaner"", ""Kontroller"", ""Strimmer"", ""Digitayzer""]","0"
"9109","Aşağıda verilmiş yaddaş qurğularından biri (funksional baxımdan) digərlərindən fərqlidir:","[""HDD"", ""CD"", ""DVD"", ""ROM"", ""Fləş Kart""]","3"
"9109","Verilənərdən hansı əməliyyat sistemi deyil?","[""Ubuntu"", ""Solaris"", ""MS DOS"", ""Vista"", ""Muvie Maker""]","4"
"9109","Alqoritmin blok-sxemlərlə təsviri zamanı məntiqi (şərt) bloku hansı həndəsi fiqurla göstərilir?","[""Oval"", ""Romb"", ""Düzbucaqlı"", ""Dairə"", ""Paraleloqram""]","1"
"9109","Aşağıda verilənlərdən biri informasiyanı kompüterdən xaric etmək üçün istifadə edilə bilməz:","[""Modem"", ""Monitor"", ""Maus"", ""Printer"", ""Plotter""]","2"
"9109","Aşağıda verilənlərdən hansı daxili yaddaşa aid detil?","[""RAM"", ""Fləş yaddaş"", ""Video yaddaş"", ""Keş yaddaş"", ""HDD""]","4"
"9109","Aşağıda verilənlərdən biri sosial şəbəkələrə aid deyil?","[""Facebook"", ""Google Plus"", ""Blogger"", ""Bing"", ""Youtube""]","3"
"9109","Verilənlərdən biri giriş qurğusu deyil:","[""Skaner"", ""Siçan"", ""Plotter"", ""Dicitayzer"", ""Web kamera""]","2"
"9109","Onaltılıq say sistemində F ədədini ikilik say sisteminə çevirdikdə alınan ədəd:","[""1001"", ""1110"", ""1101"", ""1111"", ""1011""]","3"
"9109","Nəticəni Kbaytla göstərin: 2 Mbayt+2048 bayt","[""2100"", ""2048"", ""2050"", ""3074"", ""2080""]","2"
"9109","Verilənlər bazasının sturukturunda sahə anlayışı nəyi bildirir?","[""Açarı"", ""Cədvəlin sətrini"", ""Cədvəlin sütununu"", ""Cədvəli"", ""Süyun başlığını""]","2"
"9109","Lokal şəbəkəyə qoşulmuş ixtiyari kompüter unikal ünvana malikdir. Yaddaşda 4 bayt yer tutan bu ünvan necə adlanır?","[""MAC"", ""DNS"", ""Xana ünvanı"", ""Server ünvanı"", ""IP""]","4"
"9109","Məsafədən digər kompüterlərin idarə edilməsi sistemi hansıdır?","[""Slaydların axtarışı"", ""Elektron poçt"", ""ICQ"", ""Telnet"", ""Usenet""]","3"
"9109","Aşağıda verilənlərdən hansı hiper mətnlərin ötürülmə protokoludur?","[""TCP/IP"", ""FTP"", ""HTTP"", ""SMTP"", ""Usenet""]","2"
"9109","Mündəricat yaratmaq və yeniləmək üçün nəzərdə tutulmuş lent qrupu hansı lent tabına aiddir?","[""Home"", ""Insert"", ""References"", ""View"", ""Review""]","2"
"9109","Kompüterin mərkəzi hissəsinə aid olub,əməli yaddaşda olan informasiyanı emal edən qurğu aşağıdakılardan hansıdır?","[""ROM"", ""Prosessor"", ""Sistem Bloku"", ""Printer"", ""Səs Kartı""]","1"
"9109","Hesablayın: 1536 Kbayt+2560Kbayt-3 Mbayt=?","[""2 Mbayt"", ""0"", ""1 Kbayt"", ""3072 Kbayt"", ""1 Mbayt""]","4"
"9109","Aşağıda verilənlərdən hansı informasiyanın təqdimolunma üsullarına aid deyil?","[""Mətn"", ""Kombinasiyalı"", ""Qrafki"", ""Səs"", ""Faydalı""]","4"
"9109","Birbaşa alqoritmin addımını xarakterizə edən bu xassə bəzən alqoritmin determiniklik xassəsi də adlanır:","[""Diskretlik"", ""Müəyyənlik"", ""Kütləvilik"", ""Nəticəlilik"", ""Dövrilik""]","1"
"9109","Seçilmiş slaydın dublikatını yaratmaq üçün istifadə edilən klaviatura qısayolu hansıdır?(PowerPoint2010)","[""Ctrl+D"", ""Shift+ D"", ""Alt+D"", ""Ctrl+F1"", ""Shift+F1""]","0"
"9109","4 dəqiqəlik səs faylı 16 bit tərtibindədir və 16 KHs tezlikli səs kartı ilə ötürülür. Bu faylın həcmi neçə Kbayt olar?","[""15000"", ""7500"", ""6400"", ""1280"", ""1000""]","1"
"9109","Elektron hesablama Maşınlarının ölçü və imkanlarına görə bölgüsündə aşağıdakılardan hansı ən güclü hesab edilir?","[""Main Frame"", ""Meqa EHM"", ""Super EHM"", ""PC"", ""Mikro EHM""]","2"
"9109","İnsan sağlamlığı üçün təhlükəlidir...","[""Printer"", ""Ana plata"", ""Monitor"", ""Modem"", ""Sistem bloku""]","2"
"9109","""Qərar qəbul etməyə imkan verən informasiya.....adlanır""-Verilmiş cümlədə nöqtələrin yerinə hansı söz olmalıdır?","[""Verilən"", ""Məlumat"", ""Xəbər"", ""Bilik"", ""Simvol""]","3"
"9109","Registr nədir ?","[""Yaddaş"", ""Fayl"", ""Kompyuterin qurğusu"", ""Mikroprosessorun emal etdiyi verilənlərin saxlanılıdığı prosessorun daxili sahəsi"", ""Yaddaşın adlandırılmış oblastı""]","3"
"9109","Riyaziyyatçı Con Fon Neymana görə , hər bir hesablama maşını hansı qurğulardan ibarətdir ?","[""Hesab məntiq qurğusu , idarə qurğusu, əməli yaddaş qurğusu"", ""Hesab məntiq qurğusu , idarə qurğusu, əməli yaddaş qurğusu, prosessor"", ""Hesab məntiq qurğusu , idarə qurğusu, əməli yaddaş qurğusu, prosessor , printer"", ""Riyazi məntiq qurğusu , idarə qurğusu , əməli yaddaş qurğusu"", ""Hesab məntiq qurğusu , idarə qurğusu, əməli yaddaş qurğusu , xarici qurğular""]","4"
"9109","Eyni zamanda proqramda və alt proqramda iştirak edən dəyişənlər adlanır ?","[""Faktiki"", ""Formal"", ""Mürəkkəb"", ""Sadə"", ""Ümumi""]","4"
"9109","Aşağıdakılardan hansı proqramlaşdırma dili deyildir ?","[""Prolog"", ""Simula"", ""Fortran"", ""Ms Access"", ""Dbase""]","3"
"9109","Elektron cədvəllərinə hansı proqramlar aiddir ?","[""Outlook, Publisher , İnfoPath"", ""Ms Word ,Paint , Doctor Web"", ""Adube İllustrator , Adube Photoshop"", ""Notepad , Word Pad , Ms Word"", ""Excel , Lotus , Super Calc , Abak""]","4"
"9109","Edit menyusuna nə aid deyildir ?","[""Cut"", ""Copy"", ""Undo"", ""Find"", ""Properties""]","4"
"9109","Cədvəlin çəkilməsi üçün hansı əməliyyat yerinə yetirilir ?","[""Format - Draw Table"", ""Draw Table"", ""Table - Draw Table"", ""View - Draw Table"", ""Insert - Draw Table""]","2"
"9109","Microsoft Office Word fayllarında hansı genişlənmədən istifadə olunur ?","["".bat"", "".xls"", "".doc"", "".bmp"", "".pas""]","2"
"9109","Standart olaraq Exceldə neçə işçi səhifə , hər səhifədə neçə sütun , neçə sətir , neçə oyuq var?","[""256, 655536 , 255,177777777"", ""3, 255, 65530, 177776543"", ""65536,256,124,1765432"", ""255,256,65536,17775432"", ""3,256,65536,16777216""]","4"
"9109","Lokal şəbəkənin adının qısaldılmış forması hansıdır ?","[""WAN"", ""LAN"", ""HTTP"", ""FTP"", ""TCP""]","1"
"9109","Excel-də işçi səhifəni silmək üçün nə etmək lazımdır ?","[""Edit -Delete Sheet"", ""Delete"", ""Edit - Delete WorkBook"", ""Edit - Delete Rows"", ""Edit -Delete Column""]","0"
"9109","Multimedia proqramlarının xüsusiyyətləri hansıdır ?","[""Səs, mətn, qrafik , video , animasiya sənədlərini kompleks şəklində saxlamaq"", ""Elektron cədvəlləri və mətnləri saxlamaq"", ""Şəkillər çəkmək və təqdimatlar hazırlamaq"", ""Qrafik fayllar kompleksi hazırlamaq"", ""Oyun proqramları yaratmaq""]","0"
"9109","Add Hardware proqramı nə üçün istifadə olunur ?","[""Yeni proqramların kompyuterdə sazlanması"", ""Qurğuların defraqmentasiyası"", ""Disklərin format olunması"", ""Yeni qurğuların əlavə olunması"", ""İlkin proqramın maşın koduna çevrilməsi""]","3"
"9109","Windows 2000 əməliyyat sistemində hansı fayl sistemlərindən istifadə olunur ?","[""FAT32"", ""FAT16"", ""MSDOS"", ""OS/2"", ""UNİX""]","0"
"9109","Proqramlar arasında keçid etmək üçün klaviaturanın hansı düymələrindən istifadə olunur ?","[""Tab"", ""Shift + Tab"", ""Enter"", ""Alt + Tab"", ""Ctrl+Shift+ Enter""]","3"
"9109","Ms Windows proqramında pərakəndə yerləşmiş bir neçə piktoqramı seçmək üçün hansı köməkçi düymədən istifadə etmək olar ?","[""Shift"", ""Home"", ""Ctrl"", ""İnsert"", ""Tab""]","2"
"9109","Kiçik ölçülü qapalı mühitdə ( otaq, bina , müəssissə ) yerləşən və bir-biri ilə informasiya kanalları ilə əlaqələndirilmiş kompyuterlər qrupu necə adlanır ?","[""Lokal şəbəkə"", ""Qlobal şəbəkə"", ""Qarışıq şəbəkə"", ""Kampus şəbəkə"", ""Korporativ şəbəkə""]","0"
"9109","İP ünvan nədir ?","[""Şəbəkədə kompyuteri identifikasiya etmək üçün 4 baytdan ibarət , onluq şəkildə yazılmış , bir-birindən nöqtə ilə ayrılmış ədədlər qrupu"", ""Kompyuterin mətn tipli ünvanı"", ""URL ünvanı"", ""Kompyuterin yerləşdiyi serverin ünvanı"", ""İnternetdə sənədin ünvanı""]","0"
"9109","Kompyuter şəbəkələrində verilənlərin ötürülməsi sürəti hansı vahid ilə ölçülür ?","[""Kbayt/san , Mbayt/san , Qbayt/san"", ""KBit/san , Mbit/san , Qbit/san"", ""bod"", ""KBit/bod"", ""Mhs""]","1"
"9109","FTP hansı protokoldan istifadə edir ?","[""İP"", ""TCP/İP"", ""TCP"", ""URL"", ""UDP""]","2"
"9109","DNS xidməti nə üçündür ?","[""Kompyuterin İP ünvandan istifadə edə bilməsi üçün"", ""İnternetə qoşulmaq üçün"", ""Şəbəkələrarası informasiya mübadiləsini təmin etmək üçün"", ""İP ünvanın URL ünvana çevrilmısi üçün"", ""İstifadəçi üçün""]","3"
"9109","Qovluqda yerləşən faylın surətini (buferə) çıxarmaq üçün klaviaturanın hansı düymələrindən istifadə etmək lazımdır ?","[""Ctrl+Shift+F5"", ""Ctrl+L"", ""Ctrl+C"", ""Ctrl+Shift+ S"", ""Ctrl+S""]","2"
"9109","Elektron poçt ünvanında ""@"" işarəsi nə məna daşıyır ?","[""Ticarət işarəsi"", ""İnternet ünvanı"", ""istifadəçi ünvanı"", ""Kompyuterin alt şəbəkəsinin ünvanı"", ""Elektron ünvanı""]","4"
"9109","Spam nədir ?","[""Reklam xarakterli arzuolumayan məktub"", ""Protokol"", ""Elektron ünvan"", ""İnternet xidməti"", ""Kompyuter virusu""]","0"
"9109","Telnet nədir ?","[""Telekonfrans"", ""Elektron ünvan"", ""Distant təhsil"", ""Terminal şəbəkə"", ""Hipermətn protokolu""]","3"
"9109","Usenet nədir ?","[""Telekonfrans"", ""Elektron ünvan"", ""Terminla şəbəkə"", ""Hipermətn protokolu"", ""İnternetdə axtarış""]","0"
"9109","HTML nədir ?","[""Hipermətn"", ""Teq"", ""Hipermətn protokolu"", ""Web səhifə"", ""Web sənədlərdə informasiyanı təqdim etmək üçün istifadə olunan dil""]","4"
"9109","Brouzer nədir ?","[""Cədvəl prosessoru"", ""Mətn prosessoru"", ""VBİS"", ""Web səhifələrə baxışı həyata keçirən səyyah proqramlar"", ""Web saytlar""]","3"
"9109","İP telefoniya nədir ?","[""Mobil telefon"", ""Səsin internet üzərindən ötürülmısi ilə həyata keçirilən telefon bağlantısı"", ""Multimedia proqramı"", ""Xüsusi axtarış serveri"", ""Azercell xidməti""]","1"
"9109","Fayllar və qovluqlar üzərində müxtəlif əməliyyatlar aparmaq üçün hansı proqram pəncərsindən istifadə olunur ?","[""Paint"", ""Windows Explorer"", ""WinWord"", ""Internet Explorer"", ""Excel""]","1"
"9109","Microdoft Word tətbiqi proqramında riyazi düsturları yazmaq üçün istifadə edilən köməkçi redaktor necə adlanır?","[""Ms Excel"", ""Symbol"", ""Microsoft Equation"", ""Object"", ""Formulas""]","2"
"9109","İnternet şəbəkəsində olan ən populyar online pulsuz ensiklopediya hansıdır ?","[""Almanac"", ""Google Maps"", ""Wikipedia"", ""Microsoft Encarta"", ""Britannica""]","2"
"9109","Aşağıdakılardan hansı tətbiqi proqramalara aid deyil ?","[""Mətn redaktorları"", ""Əməliyyat sisteməri"", ""Animasiya proqramları"", ""Prezentasiya proqramaları"", ""Qrafiki redaktorlar""]","1"
"9109","İnformasiyanın məxfiliyinin qorunması ilə İnformatikanın hanası sahəsi məşğul olur ?","[""Riyazi məntiq"", ""Kriptoqrafiya"", ""Qraflar nəzəriyyəsi"", ""Alqortimlər nəzəriyyəsi"", ""Ədədlər nəzəriyyəsi""]","1"
"9109","İnternet Explorer-də HTML səhifənin hansı fayl tipi ilə bütöv ( mətn + şəkillər ) formada , lakin cəmi bircə fayl şəklində yaddaşa vermək olur ?","[""ie"", ""mht"", ""exe"", ""html"", ""htm""]","1"
"9109","Windows ƏS -də hansı adda qovluq yaratmaq olmaz ?","[""Con"", ""Windows 2000"", ""MS DOS"", ""Word"", ""İstənilən adda qovluq yaratmaq olar""]","0"
"9109","Hər hansı proqram təminatının kompyuteri açan zaman avtomatik icra olunmasını həyata keçirmək üçün lazım olan pəncərəni hansı keçidlər ilə açmaq olar ?","[""Start>Run>Regedit"", ""Start>Run>:Msconfig"", ""Start>Setting>Control Panel Add or Remove Programs"", ""My Computer>Properties>General"", ""My Computer> Properties> Hardware""]","1"
"9109","WWW layihəsinin müəllifi kimdir ?","[""Sergey Brin"", ""Bill Gates"", ""Tim Berners -Lee"", ""Robert Viner"", ""Larry Page""]","2"
"9109","MSDOS əmrlərinin interpretatoru olan proqram hansıdır ?","[""AUTOEXEC.bat"", ""MSDOS.sys"", ""CONFİG.sys"", ""COMMAND.com"", ""İO.sys""]","3"
"9109","Kompyuterdə MSDOS-la iş üçün minimal zəruri fayllar yığımı hansıdır ?","[""İO.sys , MSDOS.sys"", ""İO.sys , MSDOS.sys , COMMAND.com"", ""İO.sys , MSDOS.sys , COMMAND.com , CONFİG.sys"", ""İO.sys , MSDOS.sys, COMMAND.com , AUTOEXEC.bat"", ""İO.sys, MSDOS.sys , COMMAND.com , CONFİG.sys , AUTOEXEC.bat""]","1"
"9109","Desktop üzərində mausun sağ düyməsi ilə açılan konteks menyusunda Align to grid əmrinin mahiyyəti nədən ibarətdir?","[""Aktiv olduğu zaman obyektləri bir xətt boyunca düzür."", ""Qovluqların qısa yolunu yaradır."", ""İşçi stolun elementlərini gizlədir."", ""Elementləri yaranma tarixinə görə sıralayır."", ""Elementləri ölçüsünə görə çeşidləyir.""]","0"
"9109","Windows -da Sort , Clear , Advanced , Send əmrlərinin yerinə yetirdiyi vəzifələri ardıcıl olaraq sadalayın:","[""Düzülüş , təmizləmək , genişləndirmələr , göndərmək"", ""Təmizləmək, düzülüş , genişləndirmələr , yadda saxlamaq"", ""Genişləndirmələr , düzülüş ,təmizləmək , açmaq"", ""Düzülüş , genişləndirmələr , təmizləmək ,göndərmək"", ""Yarıq yaratmaq , təmizləmək , göndərmək , geniçləndirmək""]","0"
"9109","Windows-da ""Show common task in folders ( folder options) "" əmri aktiv olduqda pəncərənin görüntüsündə hansı dəyişikliklər baş verir ?","[""Pəncərəni tapşırıqlar paneli ilə birlikdə göstərir."", ""Hər hansı bir qovluğu gizlədir."", ""Gizlənmiş faylları aşkara çıxarır."", ""Mausun sol düyməsini bir dəfə sıxmaqla qovluğu açmanı təmin edir."", ""Tapşırıqlar panelini gizlıədir.""]","0"
"9109","Windows-da ""Accessibility options"" əmri hansı vəzifəni yerinə yetirir ?","[""Kompyuteri fiziki qüsuru olan şəxslərə uyğunlaşdırır."", ""Yeni qurğuların tanıdılması funksiyasını icra edir."", ""Yeni şriftlərin kompyuterə yüklənməsini təmin edir."", ""Mausun göstəricisini dəyişir."", ""\""Accessories\"" qovluğuna yeni proqramlar yazır.""]","0"
"9109","Wimdows-da ""Show window contents while dragging (effects) "" əmri aktiv olduqda pəncərənin yerinin dəyişdirilməsi zamanı hansı dəyişikliklər müşahidə olunur ?","[""Pəncərənin tərkibinin görünməməsi"", ""Pəncərənin tərkibinin görünməsi"", ""Şifrəli ekran qoruyucusu yaratmaq"", ""Şrift effektlərinin əlavə olunması"", ""Gizlənmiş faylların görsənməsi""]","1"
"9109","Windows-da Auto arrange əmrinin mahiyyəti nədən ibarətdir?","[""Bu əmr aktiv olarsa obyektlərin yerlərini dəyişdirməklə , onları stolda istənilən yerdə yerləşdirmək olmaz."", ""Bu əmr aktiv olarsa elementlər həcmlərinə görə düzüləcək."", ""İşçi stolun elementlərini gizlədir."", ""Avtomatik qovluq yaratmaq üçün istifadə olunur."", ""İşçi stoldakı faylları avtomatik çeşidləyir.""]","0"
"9109","Məlumatı tamamilə yaddaşdan silmək üçün (səbət qovluğuna düşmədən ) hansı kombinasiyadan istifadə edilir ?","[""Delete"", ""Shift-delete"", ""Alt- delete"", ""Ctrl-shift-delete"", ""Clear""]","1"
"9109","""On resume password protect "" əmri hansı vəzifəni yerinə yetiri ?","[""Faylın şifrəsini açır."", ""Şifrəli ekran qoruyucusu (screen save ) yaradır."", ""Bütün şifrəli faylların siyahısını çap edir."", ""Kompyuter qrafikası fayllarına şiffrə qoyur."", ""Kompyuterə şifrə qoyur.""]","1"
"9109","Aşağıdakı bəndlərdə göstərilmiş hansı əmr aktiv olarsa, Taskbar-ı sürüşdürüb yerini dəyişmək və Adress bölümündən istifadə etmək mümkün olmaz ?","[""Lock the Taskbar"", ""Task Manager"", ""Language Bar"", ""Quick Launch"", ""Show Desktop Icons""]","0"
"9109","Qovluğa neçə yolla ad vermək mümkündür ?","[""3"", ""4"", ""2"", ""5"", ""1""]","0"
"9109","Sonuncu əməliyyatın ləğv edilməsi və bərpa edilməsi üçün uyğun olaraq hansı düymələrdən istifadə olunur?","[""Ctrl +A; Alt + F4"", ""Ctrl +C; Ctrl + X"", ""Ctrl + Z; Ctrl + Y"", ""Ctrl + ←; Ctrl + →"", ""Ctrl + Z; Ctrl + V""]","2"
"9109","Kontekst menyuda hansı əmrlər əks olunur?","[""Format menyusunun əmrləri"", ""Əsas menyunun əmrləri"", ""File menyusunun əmrləri"", ""Tez-tez yerinə yetirilən əmrlər"", ""Seçilmiş obyektə aidiyyatı olmayan əmrlər""]","3"
"9109","İş masasında mausun sağ düyməsini vurduqda açılan pəncərə necə adlanır?","[""Kontekst menyu"", ""Əsas menyu"", ""File menyusu"", ""Help menyusu"", ""Computer qovluğu""]","0"
"9109","Seçilmiş obyektin xüsusiyyətlərini əks etdirən dialoq pəncərəsini açmaq üçün hansı düymələrdən istifadə olunur?","[""Alt + Tab"", ""Win + F"", ""Win + E"", ""Win + M"", ""Alt + Enter""]","4"
"9109","Hər hansı obyektə istinadı özündə saxlayan fayl necə adlanır?","[""Sənəd"", ""Qısayol"", ""Proqram"", ""Qovluq"", ""Pəncərə""]","1"
"9109","D diskindəki İmtahan qovluğunu açmaq üçün Run pəncərəsinə nə yazılmalıdır?","[""İmtahan – D"", ""D:İmtahan"", ""D:\\İmtahan"", ""D + İmtahan"", ""İmtahan:\\D""]","2"
"9109","Windows əməliyyat sistemində disklərlə iş üçün nəzərdə tutulmuş əsas proqramlar hansı proqramlar qrupuna aiddir?","[""Xidməti proqramlara"", ""Sistem proqramlarına"", ""Tətbiqi proqramlara"", ""Brauzerlərə"", ""Axtarış sistemlərinə""]","0"
"9109","Windows pəncərəsində vəziyyət sətri özündə hansı məlumatı saxlayır?","[""Menyuların sayını"", ""Obyektlərin sayını"", ""Əməliyyat sisteminin versiyasını"", ""İdarəedici düymələri"", ""Axtarış panelini""]","1"
"9109","Aşağıdakılardan hansı Windows əməliyyat sistemində qovluq adı ola bilməz?","[""AMEA"", ""A_M_E_A"", ""A+M+E+A"", ""A-M-E-A"", ""A?M?E?A?""]","4"
"9109","Obyektin xassələrinə, əmrlərinə daxil olmaq üçün istifadə olunan menyunun adı nədir?","[""Əsas"", ""Kontekst"", ""Sistem"", ""Vəziyyət"", ""Dialoq""]","1"
"9109","Windows-da monitorun, klaviaturanın və mausun parametrlərini dəyişmək üçün hansı qovluqdan istifadə olunur?","[""Documents"", ""Control Panel"", ""Explorer"", ""Accessories"", ""Computer""]","1"
"9109","Məlumat pəncərəsini açmaq üçün hansı funksional düymədən istifadə olunur?","[""F6"", ""F3"", ""F5"", ""F2"", ""F1""]","4"
"9109","Kompüterə yeni proqram yüklənərkən avtomatik olaraq hansı qovluğa yazılır?","[""Program Files"", ""Documents"", ""Downloads"", ""Explorer"", ""Temp""]","0"
"9109","Windows əməliyyat sistemində hansı adda fayl və ya qovluq yaratmaq olar?","[""Con"", ""Aux"", ""Prn"", ""Com1"", ""MS Dos""]","4"
"9109","Windows əməliyyat sistemində hansı adda fayl və ya qovluq yaratmaq olmaz?","[""Windows"", ""Linux"", ""Unix"", ""Com9"", ""MS Dos""]","3"
"9109","MS Word nədir?","[""Arxivator"", ""Cədvəl redaktoru"", ""Antivirus"", ""Qrafik redaktor"", ""Mətn redaktoru""]","4"
"9109","MS Word proqramında hiperəlaqə hansı məqsədlə istifadə olunur?","[""İnternet səhifələrə, digər sənədlərə keçid üçün"", ""Digər proqramlardan obyekt daxil etmək üçün"", ""Sənədin daxilində yeni şəkil yaratmaq üçün"", ""Cədvəllərin içərisində hesablama aparmaq üçün"", ""Lokal şəbəkədəki digər faylları pozmaq üçün""]","0"
"9109","Sənəddə Go To dialoq pəncərəsini açmaq üçün hansı düymələrdən istifadə olunur?","[""Ctrl + T"", ""Ctrl + G"", ""Ctrl + B"", ""Ctrl + I"", ""Ctrl + U""]","1"
"9109","Səhifənin parametrlərini tənzimləmək üçün istifadə olunan Page Setup əmri hansı menyuda yerləşir?","[""Home"", ""Insert"", ""Page Layout"", ""References"", ""Mailings""]","2"
"9109","MS Office paketinə daxil olan şəkilləri sənəddə yerləşdirmək üçün hansı əmrdən istifadə olunur?","[""Insert → Picture"", ""Insert → Symbol"", ""View → Picture"", ""Home → Picture"", ""Home → Symbol""]","0"
"9109","Sənəddə kolontitul yerləşdirmək üçün hansı menyudan istifadə olunur?","[""View"", ""Insert"", ""Home"", ""Page Layout"", ""References""]","1"
"9109","Mətn redaktorunda hansı obyektlərlə işləyərkən Format menyusu aktivləşir?","[""Cədvəllərlə"", ""Şəkillərlə"", ""Riyazi düsturlarla"", ""Mətnlərlə"", ""Hiperəlaqə ilə""]","0"
"9109","Mətn fraqmentini cədvələ çevirmək üçün sətir və sütunlar uyğun olaraq hansı düymələrlə bir-birindən ayrılırlar?","[""Ctrl; Spacebar"", ""Spacebar; Enter"", ""Enter; Tab"", ""Alt; Tab"", ""Shift; Ctrl""]","2"
"9109","Mətn redaktorunda cədvəllərlə işləyərkən menyu sətrinə hansı menyular əlavə olunur?","[""Insert, Table"", ""Design, Layout"", ""Table, Mailings"", ""Design, Page Layout"", ""Page Layout, Layout""]","1"
"9109","Word proqramında mətni daxil edərkən abzasın sonunu bildirmək üçün hansı xüsusi düymədən istifadə olunur?","[""Alt"", ""Ctrl"", ""Tab"", ""Enter"", ""Spacebar""]","3"
"9109","MS Word mətn redaktoru hansı proqramlara aiddir?","[""Standart"", ""Xidməti"", ""Arxiv"", ""Tətbiqi"", ""Sistem""]","3"
"9109","Aşağıdakı fayllardan hansı MS Word mətn redaktorunda yaradılmışdır?","[""imtahan.bmp"", ""imtahan.xlsx"", ""imtahan.mp3"", ""imtahan.pdf"", ""imtahan.docx""]","4"
"9109","Mətn redaktorunda yaradılmış fayl .dotx genişlənməsinə malikdir. Bu sənəd hansı formatda yadda saxlanılmışdır?","[""Şablon"", ""Veb səhifə"", ""Şəkil"", ""Elektron cədvəl"", ""Mətn faylı""]","0"
"9109","Sənəddə mətni söz-söz seçmək üçün hansı düymələrdən istifadə olunur?","[""Shift + ↑"", ""Shift + →"", ""Ctrl + Shift + →"", ""Ctrl + →"", ""Ctrl + ↓""]","2"
"9109","Bütün mətni seçib kəsmək və başqa yerdə yerləşdirmək əməliyyatlarının yerinə yetirilmə ardıcıllığı hansı variantda düzgün verilmişdir?","[""Ctrl + A; Ctrl + C; Ctrl + I"", ""Ctrl + A; Ctrl + X; Ctrl + V"", ""Ctrl + C; Ctrl + U; Ctrl + V"", ""Ctrl + A; Ctrl + X; Ctrl + C"", ""Ctrl + B; Ctrl + X; Ctrl + A""]","1"
"9109","Ctrl+Enter düyməsinin funksiyası nədir?","[""Sətirlər arası məsafəni təyin edir"", ""Sənədin sonuna keçidi təmin edir"", ""Yeni səhifəyə keçidi təmin edir"", ""Aktiv sənədi bağlayır"", ""Abzasın sonunu göstərir""]","2"
"9109","Kolontitul özündə hansı məlumatı saxlaya bilər?","[""İstənilən mətni"", ""Yalnız sənədin adını"", ""Yalnız müəllifin adı, soyadı, ata adını"", ""Yalnız sənədin yaradılma tarixini"", ""Faylın tipini""]","0"
"9109","MS Word mətn redaktorunda aşağıdakılardan hansının üzərində formatlaşdırma əməliyyatını aparmaq olmaz?","[""Faylın adı"", ""Şəkil"", ""Kolontitul"", ""Cədvəl"", ""Mətn""]","0"
"9109","Mətn redaktorunun vəziyyət sətri özündə hansı məlumatları saxlayır?","[""Açıq sənədlərin sayı, adı və həcmi haqqında məlumatları"", ""Sənədin hansı diskdə və qovluqda yerləşdiyi haqqında məlumat"", ""Sənədin cari vəziyyəti haqqında bütün məlumatları"", ""Aktiv sənəddə kursorun yerləşmə vəziyyəti haqqında məlumatı"", ""Yalnız aktiv sənəddəki səhifələrin sayı və mətnin düzgünlüyünün yoxlanması haqqında məlumatları""]","2"
"9109","Mətni seçib fraqmenti üçün Ctrl+[ və Ctrl+] düymələri basıldıqda hansı əməliyyat yerinə yetirilir?","[""Kontekst menyu açılır və bağlanır"", ""Mətnin ölçüsü kiçilir və böyüyür"", ""Mətndə sütunların sayı azalır və çoxalır"", ""Mətndə sətirlər arası məsafə kiçilir və böyüyür"", ""Mətndə sözlər arası məsafə kiçilir və böyüyür""]","1"
"9109","Sənəddə sözləri hərfbəhərf seçmək üçün hansı düymələrdən istifadə olunur?","[""Shift + ↑"", ""Shift + →"", ""Ctrl + Shift + →"", ""Ctrl + →"", ""Ctrl + ↓""]","1"
"9109","Mətn redaktorunda Page Layout → Page Setup bölümü vasitəsilə sənədin hansı parametrini tənzimləmək olar?","[""Yoxlama dili, qeydlər və istiqamət"", ""Ölçü, məsafə və qeydlər"", ""İnterval, düzləndirmə və hiperəlaqə"", ""Stil, şablon və statistik məlumatlar"", ""Sahələr, istiqamət və kolontitul""]","4"
"9109","Mətn redaktorunda yaradılmış fayl .htm genişlənməsinə malikdir. Bu sənəd hansı formatda yadda saxlanılmışdır?","[""Şablon"", ""Veb səhifə"", ""Şəkil"", ""Elektron cədvəl"", ""Mətn faylı""]","1"
"9109","Seçilmiş mətni qalın, meylli etmək və altından xətt çəkmək üçün hansı düymələrin kombinasiyaları ardıcıl olaraq yerinə yetirilməlidir?","[""Ctrl + L; Ctrl + R; Ctrl + J"", ""Ctrl + B; Ctrl + I; Ctrl + U"", ""Ctrl + G; Ctrl + H; Ctrl + F"", ""Ctrl + A; Ctrl + X; Ctrl + C"", ""Ctrl + B; Ctrl + E; Ctrl + A""]","1"
"9109","Bir vərəqdə sənədin maksimum neçə səhifəsini çap etmək olar?","[""1"", ""2"", ""4"", ""8"", ""16""]","4"
"9109","MS Word proqramında əmrinin funksiyası nədir?","[""Seçilmiş mətnin nüsxəsini mübadilə buferinə atır"", ""Seçilmiş mətnin formatını silir"", ""Seçilmiş mətnə hiperistinad verir"", ""Nüsxəsi çıxarılmış mətni sənəddə yerləşdirir"", ""Seçilmiş mətni kəsib mübadilə buferinə atır""]","0"
"9109","MS Word proqramında Cut əmrinin funksiyası nədir?","[""Seçilmiş mətnin nüsxəsini mübadilə buferinə köçürür"", ""Seçilmiş mətnin formatını silir"", ""Seçilmiş mətnə hiperistinad verir"", ""Nüsxəsi çıxarılmış mətni sənəddə yerləşdirir"", ""Seçilmiş mətni kəsib mübadilə buferinə köçürür""]","4"
"9109","MS Excel proqramının təyinatı nədir?","[""Faylların arxivləşdirilməsi"", ""Verilənlər bazalarının yaradılması"", ""Elektron cədvəllərin yaradılması"", ""Mətn sənədlərinin yaradılması"", ""Qrafik şəkillərin yaradılması""]","2"
"9109","Elektron cədvəldə 2-dən 6-ya qədər sətrləri, A-dan D-yə qədər sütunları özündə saxlayan xanalar blokunun ünvanını necə yazmaq olar?","[""A6:D2"", ""D6:A2"", ""A2:D6"", ""A2,D6"", ""A2;D6""]","2"
"9109","Elektron cədvəldə xananın ünvanında sətrin və ya sütunun adının qarşısında $ işarəsinin olması nəyi bildirir?","[""Qarışıq ünvanı"", ""Mütləq ünvanı"", ""Nisbi ünvanı"", ""Mürəkkəb ünvanı"", ""Sadə ünvanı""]","0"
"9109","Elektron cədvəldə xanada düsturun yazılışı hansı işarə ilə başlayır?","["">"", ""<"", "";"", ""="", "":""]","3"
"9109","Elektron cədvəldə ikinci sütunun ilk 5 xanasındakı ədədləri toplamaq üçün düstur necə yazılmalıdır?","[""SUM(B1+B5)"", ""=SUM(B1,B5)"", ""=SUM(B1+B5)"", ""SUM(B1:B5)"", ""=SUM(B1:B5)""]","4"
"9109","MS Excel proqramında yaradılmış faylın ad genişlənməsi hansıdır?","["".xlsx"", "".exe"", "".com"", "".docx"", "".txt""]","0"
"9109","Elektron cədvəldə diapazon ünvanının düzgün yazılışı hansıdır?","[""E9/J28"", ""E9+J28"", ""E9;J28"", ""E9-J28"", ""E9:J28""]","4"
"9109","MS Excel proqramında sətirlər necə nömrələnir?","[""1-dən 1536-ya qədər ədədlərlə"", ""1-dən 1048576-ya qədər ədədlərlə"", ""1-dən 256-ya qədər ədədlərlə"", ""A-dan XFD-yə qədər hərflərlə"", ""A-dan ZZ-ə qədər hərflərlə""]","1"
"9109","Elektron cədvəldə xanada mətnin istiqamətini dəyişmək üçün menyunun hansı bölməsindən istifadə olunur?","[""Insert → Alignment"", ""Page Layout → Orientation"", ""Home → Alignment"", ""Insert → Table"", ""Home → Font""]","4"
"9109","Cədvəl redaktorunda =SUM(E9:E11) düsturu hansı funksiyanı yerinə yetirir?","[""E9, E10 və E11 xanalarındakı ədədləri toplayır"", ""E9 və E11 xanalarındakı ədədləri toplayır"", ""E9, E10 və E11 xanalarındakı ədədlərin ədədi ortasını tapır"", ""E9, E10 və E11 xanalarındakı ədədlərin minimumunu tapır"", ""E9, E10 və E11 xanalarındakı ədədlərin maksimumunu tapır""]","0"
"9109","Elektron cədvəldə 2-ci sütun və 5-ci sətrin kəsişməsində yerləşən xananın ünvanını düsturda necə yazmaq lazımdır ki, düsturun nüsxəsini çıxararkən sətrin ünvanı dəyişməsin?","[""B$5"", ""$B$5"", ""5B"", ""$B5"", ""B5""]","0"
"9109","Elektron cədvəldə xanaya mətnin daxil edilməsi rejimindən imtina etmək üçün hansı düymədən istifadə olunur?","[""Shift"", ""Spacebar"", ""Ctrl"", ""Enter"", ""Esc""]","4"
"9109","Elektron cədvəldə xana eni daxil edilən ədədin uzunluğu üçün kifayət etmədikdə xanaya hansı işarələr çıxır?","[""#NUM!"", ""#####"", ""#NULL!"", ""#NAME?"", ""#DIV/0!""]","1"
"9109","Elektron cədvəldə C9 xanasında yazılmış =(B5+C5)*$E$5 düsturunu E14 xanasına köçürdükdə hansı düstur alınacaqdır?","[""=(C10+E10)*$F$10"", ""=(B10+C10)*$E$5"", ""=(B5+C5)*$E$5"", ""=(D10+E10)*$E$5"", ""=(C10+E10)*$E$5""]","3"
"9109","Elektron cədvəldə aşağıdakılardan hansı xananın mütləq ünvanıdır?","[""E15"", ""15E"", ""R15C5"", ""#E#15"", ""$E$15""]","4"
"9109","Aşağıdakı düsturlardan hansı elektron cədvəldə düzgün yazılmışdır?","[""H17+9*S1"", ""=P76-8*E9"", ""C2=O9-9*E7"", ""H6B6+15"", ""A2=A3-A9""]","1"
"9109","Elektron cədvəldə C2:F8 xanalar diapazonunda neçə xana vardır?","[""16"", ""14"", ""8"", ""2"", ""28""]","4"
"9109","Elektron cədvəldə xanaya mətnin daxil edilməsini təsdiqləmək üçün hansı düymədən istifadə olunur?","[""Shift"", ""Spacebar"", ""Ctrl"", ""Enter"", ""Esc""]","3"
"9109","Elektron cədvəldə C və D sütunları arasında yeni sütun yaratmaq üçün hansı əməliyyat yerinə yetirilməlidir?","[""D sütununu seçib Home→Insert→Insert Sheet əmrini seçməklə"", ""D sütununu seçib Home→Insert→Insert Sheet Columns əmrini seçməklə"", ""C sütununu seçib Home→Insert→Insert Sheet Columns əmrini seçməklə"", ""C sütununu seçib Home→Insert→Insert Sheet əmrini seçməklə"", ""C və D sütunlarının arasında mausun sol düyməsini 2 dəfə vurmaqla""]","1"
"9109","Elektron cədvəldə bir neçə kəsişməyən xanalar diapazonunu seçmək üçün hansı düymə basılı saxlanılmalıdır?","[""Alt"", ""Ctrl"", ""F4"", ""Shift"", ""Esc""]","1"
"9109","Exceldə bütöv bir sətri seçmək üçün hansı düymələrdən istifadə edilir?","[""Ctrl + Shift + ↓"", ""Ctrl + ↓"", ""Shift + →"", ""Ctrl + →"", ""Ctrl + Shift + →""]","4"
"9109","Elektron cədvəldə düsturda xananın ünvanı necə yazılmalıdır ki, düsturu başqa xanaya köçürdükdə sütunun nömrəsi dəyişməsin?","[""$A18"", ""$A$18"", ""A$18"", ""R18C1"", ""#A18""]","0"
"9109","Excel-də bütöv bir sütunu seçmək üçün hansı düymələrdən istifadə edilir?","[""Ctrl + Shift + ↓"", ""Ctrl + ↓"", ""Shift + →"", ""Ctrl + →"", ""Ctrl + Shift + →""]","0"
"9109","Elektron cədvəldə düsturda xananın ünvanı necə yazılmalıdır ki, düsturu başqa xanaya köçürdükdə sətrin nömrəsi dəyişməsin?","[""$C12"", ""$C$12"", ""C$12"", ""R18C1"", ""#C12""]","2"
"9109","Cədvəl redaktorunda =SUM(E9,E11) yazılışının mənası nədir?","[""E9, E10 və E11 xanalarındakı ədədləri toplayır"", ""E9 və E11 xanalarındakı ədədləri toplayır"", ""E9 və E11 xanalarındakı ədədlərin ədədi ortasını tapır"", ""E9, E10 və E11 xanalarındakı ədədlərin minimumunu tapır"", ""E9 və E11 xanalarındakı ədədlərin maksimumunu tapır""]","1"
"9109","Excel-də standart halda şriftin ölçüsü hansı intervalda dəyişir?","[""8pt–72pt"", ""1pt–409pt"", ""1pt–72pt"", ""1pt–1638pt"", ""8pt–409pt""]","0"
"9109","Elektron cədvəldə =IF(Y,X1,X2) yazılışında Y nəyi göstərir?","[""İstənilən bir mətni"", ""İstənilən bir ədədi"", ""Şərt ödəndikdə yerinə yetirilən əməliyyatı"", ""Funksiyanın yerinə yetirilməsi şərtini"", ""Şərt ödənmədikdə yerinə yetirilən əməliyyatı""]","3"
"9109","ROWS(A5:E10) COLUMNS(A5:E10) funksiyaları yerinə yetirildikdən sonra hansı nəticələr alınacaqdır?","[""10, 5"", ""60, 10"", ""10, 6"", ""6, 5"", ""5, 10""]","3"
"9109","Elektron cədvəldə xana necə təyin olunur?","[""istifadəçinin verdiyi adla"", ""vərəqlərin birləşməsi ilə"", ""sütunun adı ilə"", ""sətrin nömrəsi ilə"", ""sətir və sütunun kəsişdiyi sahə ilə""]","4"
"9109","Elektron cədvəldə =IF(Y,X1,X2) yazılışında X2 nəyi göstərir?","[""İstənilən bir mətn"", ""İstənilən bir ədəd"", ""Şərt ödəndikdə yerinə yetirilən əməliyyat"", ""Funksiyanın yerinə yetirilməsi şərtini"", ""Şərt ödənmədikdə yerinə yetirilən əməliyyat""]","4"
"9109","Exceldə vurma, bölmə və dərəcə işarələri uyğun olaraq necə yazılır?","[""*, /, ^"", ""*, :, /"", ""x, /, *"", ""^, :, x"", ""*, \\, ^""]","0"
"9109","Elektron cədvəldə =IF(Y,X1,X2) yazılışında X1 nəyi göstərir?","[""İstənilən bir mətn"", ""İstənilən bir ədəd"", ""Şərt ödəndikdə yerinə yetirilən əməliyyat"", ""Funksiyanın yerinə yetirilməsi şərtini"", ""Şərt ödənmədikdə yerinə yetirilən əməliyyat""]","2"
"9109","Elektron cədvəldə iş vərəqinin adında maksimum neçə simvol ola bilər?","[""13"", ""11"", ""25"", ""255"", ""31""]","4"
"9109","Elektron cədvəldə düzbucaqlı formasında yerləşən xanalar toplusu necə adlanır?","[""Diaqonal"", ""Sütun"", ""Diapazon"", ""Sətir"", ""Kitab""]","2"
"9109","Excel-də minimal obyekt necə adlanır?","[""kitab"", ""vərəq"", ""xana"", ""sətir"", ""sütun""]","2"
"9109","Aşağıdakılardan hansı MS Excel proqramında statistik funksiyalar kateqoriyasına aiddir?","[""AND, FALSE, IF, NOT, OR, TRUE"", ""ABS, COS, FACT, POWER, PRODUCT, SIN, SQRT, SUM, TAN"", ""AVERAGE, COUNT, COUNTA, MIN, MAX"", ""BIN2DEC, BIN2HEX, BIN2OCT, DEC2BIN, DEC2HEX, DEC2OCT"", ""CONCANTENATE, LEFT, MID, RIGHT""]","2"
"9109","Excel-də sənədin görünüş faizi hansı intervalda dəyişir?","[""10%–400%"", ""10%–500%"", ""1%–409%"", ""100%–400%"", ""100%–500%""]","0"
"9109","Excel-də şriftin ölçüsü hansı intervalda dəyişir?","[""8pt–72pt"", ""1pt–409pt"", ""1pt–72pt"", ""1pt–1638pt"", ""8pt–409pt""]","1"
"9109","MS Excel elektron cədvəldə xana ünvanının hansı növləri vardır? 1. Nisbi 4. Mütləq 2. Sadə 5. Mürəkkəb 3. Qarışıq 6. Aktiv","[""1, 2, 3"", ""4, 5, 6"", ""1, 3, 5"", ""1, 3, 4"", ""2, 5, 6""]","3"
"9109","Aşağıdakılardan hansı MS Excel proqramında məntiqi funksiyalar kateqoriyasına aiddir?","[""AND, FALSE, IF, NOT, OR, TRUE"", ""ABS, COS, FACT, POWER, PRODUCT, SIN, SQRT, SUM, TAN"", ""AVERAGE, COUNT, COUNTA, MIN, MAX"", ""BIN2DEC, BIN2HEX, BIN2OCT, DEC2BIN, DEC2HEX, DEC2OCT"", ""CONCANTENATE, LEFT, MID, RIGHT""]","0"
"9109","Elektron cədvəldə xana içərisində iki və daha artıq sətir yerləşdirmək üçün hansı düymələrdən istifadə olunur?","[""Ctrl + Esc"", ""Alt + Enter"", ""Ctrl + Enter"", ""Shift + Enter"", ""Enter""]","1"
"9109","MS Excel proqramında sütunlar necə nömrələnir?","[""1-dən 1536-ya qədər ədədlərlə"", ""1-dən 1048576-ya qədər ədədlərlə"", ""1-dən 256-ya qədər ədədlərlə"", ""A-dan XFD-yə qədər hərflərlə"", ""A-dan ZZ-ə qədər hərflərlə""]","3"
"9109","Aşağıdakı yazılışlardan hansı elektron cədvəldə düsturun düzgün yazılışıdır?","[""A1+A2/A3"", ""=E5/B18+5K*2"", ""=L333+9*K/9"", ""A144=B555+2*K255"", ""=E255/B18+K255^2""]","4"
"9109","MS Excel proqramında AA neçənci sütunu göstərir?","[""255"", ""26"", ""11"", ""27"", ""256""]","3"
"9109","MS Excel proqramında ilk və sonuncu xanalar hansılardır?","[""A1, AA11"", ""A1, XFD1048576"", ""A1, IU256"", ""AB10, AB256"", ""A10, B1048576""]","1"
"9109","MS Excel proqramında sonuncu sətrə keçmək üçün hansı düymələrdən istifadə olunur?","[""Ctrl + →"", ""Ctrl + ←"", ""Ctrl + ↑"", ""Ctrl + ↓"", ""Ctrl + Alt + →""]","3"
"9109","MS Excel proqramı neçə sütundan ibarətdir?","[""214"", ""220"", ""232"", ""216"", ""28""]","1"
"9109","MS Excel proqramında R18C18 hansı xananın ünvanını göstərir?","[""R18"", ""A18"", ""18C"", ""C18"", ""AC18""]","0"
"9109","MS Excel proqramında R25C19 xanasının sətri hansıdır?","[""R"", ""C"", ""32"", ""19"", ""25""]","3"
"9109","Mühitinə görə viruslar necə təsnif edilir? 1. Fayl 4. Mövqeli 2. Qovluq 5. Arxivləmə 3.Yükləmə 6. Makro","[""1, 2, 3"", ""4, 5, 6"", ""2, 4, 6"", ""1, 3, 5"", ""1, 3, 6""]","4"
"9109","Texniki vasitələtlə bir kompüterdən digər kompüterə keçməyə cəhd edən, verilənlərin korlanmasına gətirən və ya istifadəçinin işinə mane olan, digər proqramlarda gizlənmiş kiçik həcmli proqramlar necə adlanır?","[""qadjet"", ""modul"", ""antivirus"", ""virus"", ""makros""]","3"
"9109","Daim operativ yaddaşda yerləşən və sistemin real yoluxma anına kimi virusu aşkarlamağa imkan verən antivirus proqramlar necə adlanır?","[""disk müfəttişləri"", ""mühafizəçi proqramlar"", ""operativ antiviruslar"", ""immunizatorlar"", ""rezident monitorlar""]","4"
"9109","Skaner, disk müfəttişi, immunizator və proqram-həkim kimi təsnif edilən proqram növləri necə adlanır və hansı proqram təminatına aiddirlər?","[""antivirus, sistem proqram təminatı"", ""virus, sistem proqram təminatı"", ""virus, tətbiqi proqram təminatı"", ""antivirus, instrumental proqram təminatı"", ""antivirus, tətbiqi proqram təminatı""]","0"
"9109","Əməli yaddaşda yerləşən antiviruslar necə adlanır?","[""disk müfəttişləri"", ""mühafizəçi proqramlar"", ""operativ antiviruslar"", ""immunizatorlar"", ""proqram həkim""]","1"
"9109","İçərisində bir neçə fayl olan qovluğu e-mail vasitəsilə göndərmək üçün nə etmək lazımdır?","[""Qovluğu antivirusla yoxlamaq lazımdır"", ""Qovluğu arxivləşdirmək lazımdır"", ""Qovluğu heç bir əməliyyat aparmadan göndərmək lazımdır"", ""Qovluğun içərisində olan ağır faylları pozmaq lazımdır"", ""Qovluğun adını dəyişdirmək lazımdır""]","1"
"9109","Aşağıdakılardan hansı sayt adı ola bilməz?","[""www.thomsonreuters.com"", ""www.elsevier.com"", ""www.reutersthomson.com"", ""www@thomsonreuters@com"", ""www.aaaaaa.com""]","3"
"9109","@ işarəsi harada istifadə olunur?","[""Sistem qovluqların adında"", ""E-poçt ünvanında"", ""Arxiv fayllarının adında"", ""Axtarış sistemində"", ""Veb-səhifələrin yaradılmasında""]","1"
"9109","Müasir elektron poçtlar qəbul edə bilir:","[""Yalnız mətn"", ""Yalnız fayl"", ""Yalnız video"", ""Məktub və fayl"", ""Qovluq""]","3"
"9109","Hər hansı kağızdakı şəkli elektron poçtla göndərmək üçün hansı qurğunun köməyi lazımdır?","[""Printer"", ""Skaner"", ""CD-ROM"", ""DVD-WRITER"", ""Plotter""]","1"
"9109","İlk elektron poçt proqramı neçənci ildə işlənib hazırlanmışdır?","[""1958"", ""1969"", ""1971"", ""1983"", ""1991""]","2"
"9109","Elektron poçt hesabına daxil olmaq üçün nə tələb olunur?","[""Parolu bilmək"", ""İstifadəçinin istifadəçi adını bilmək"", ""İstifadəçının adını bilmək"", ""İstifadəçının istifadəçi adını və parolunu bilmək"", ""Saytı bilmək""]","3"
"9109","Elektron poçt ünvanı inform_name@ict.az olarsa, bu ünvanın sahibinin adı nədir?","[""ict.az"", ""az"", ""inform_name"", ""name"", ""inform""]","2"
"9109","Aşağıda göstərilənlərdən hansı İnternet-də elektron poçt ünvanı ola bilər?","[""www.ict@yahoo.com"", ""info@@gmail.com"", ""informatika@"", ""?name@box.az?"", ""www.rambler.ru""]","0"
"9109","Aşağıda göstərilənlərdən hansı İnternet-də elektron poçt ünvanı ola bilər?","[""www.yahoo.com"", ""windows@microsoft@com"", ""windows@@box.az"", ""windows@microsoft.com"", ""box.az@""]","3"
"9109","Outlook Express nə proqramıdır?","[""Tərcümə proqramı"", ""E-poçt proqramı"", ""Mətn redaktoru"", ""Cədvəl redaktoru"", ""Qrafik redaktor""]","1"
"9109","PrntScrn düyməsi hansı funksiyanı yerinə yetirir?","[""Məlumat pəncərəsini açır"", ""Ekran təsvirini mübadilə buferinə göndərir"", ""Ekran təsvirini çap edir"", ""Sənədi bir səhifə aşağı salır"", ""Klaviaturanı simvolları əvəzetmə rejiminə keçirir""]","2"
"9109","Aşağıdakılardan hansı xarici yaddaş qurğusu deyil?","[""HDD"", ""CD-RW"", ""Disket"", ""Keş-yaddaş"", ""DVD""]","3"
"9109","Fərdi kompüterin daimi yaddaşında kompüter avadanlıqlarının işini yoxlayan, əməliyyat sisteminin yüklənməsini təmin edən proqramlar toplusu necə adlanır?","[""CD-R"", ""CMOS"", ""BIOS"", ""Sensor paneli"", ""Plotter""]","2"
"9109","Skaner qurğusunun funksiyası nədən ibarətdir?","[""Səs informasiyasını kompüterə daxil edir"", ""Kağız üzərində olan informasiyanı kompüterə daxil edir"", ""Analoq tipli siqnalları rəqəm siqnallarına çevirir"", ""Mürəkkəb sxemləri, qrafikləri, keyfiyyətli rəngli təsvirləri kağız üzərinə çıxarır"", ""Mikroprosessorun xarici qurğularla informasiya mübadiləsini həyata keçirir""]","1"
"9109","Aşağıdakılardan hansı giriş (daxiletmə) qurğusu deyil?","[""Printer"", ""Skaner"", ""Mikrofon"", ""Klaviatura"", ""Rəqəmli kamera""]","0"
"9109","Verilənlərin sistem blokuna daxil edilməsi və ya xaric edilməsi üçün istifadə edilən qurğular necə adlanır?","[""Çap qurğusu"", ""Giriş qurğuları"", ""Çıxış qurğuları"", ""Periferiya qurğuları"", ""Xarici yaddaş qurğuları""]","3"
"9109","Monitorun ekranının diaqonalı nə ilə ölçülür?","[""düym"", ""pt"", ""sm"", ""piksel"", ""bit""]","0"
"9109","Bu yaddaş qurğularından hansının həcmi daha böyükdür?","[""Əməli yaddaş qurğusu"", ""Daimi yaddaş qurğusu"", ""HDD (sərt disk)"", ""Çevik disk qurğusu"", ""Keş-yaddaş""]","2"
"9109","Giriş qurğuları nə üçün istifadə edilir?","[""Verilənləri kompüterdən xaric etmək üçün"", ""Böyük həcmli informasiyanı yadda saxlamaq üçün"", ""Verilənləri çapa vermək üçün"", ""Verilənləri saxlamaq üçün"", ""Verilənləri kompüterə daxil etmək üçün""]","4"
"9109","Siçanın sağ düyməsinin funksiyası nədir?","[""Əmri ləğv edir"", ""Kontekst menyunu açır"", ""Uyğun əmr yerinə yetirilir"", ""Sistemin əsas menyusu açılır"", ""Sənədin miqyasını böyüdür""]","1"
"9109","Xarici qurğuları mərkəzi prosessorla əlaqələndirən idarəedici qurğunun adı nədir?","[""Modem"", ""Port"", ""Qida bloku"", ""Kontroller"", ""Şin""]","3"
"9109","Abzasın birinci sətrinin əvvəlində boşluq qoyulması üçün hansı düymədən istifadə edilir?","[""Insert"", ""Scroll Lock"", ""Caps Lock"", ""Shift"", ""Tab""]","4"
"9109","Manipulyator-mause nədir?","[""çıxış qurğusu"", ""giriş qurğusu"", ""informasiyanın ölçülməsi üçün qurğu"", ""şəkillərin skanerləşdirilməsi üçün qurğu"", ""informasiyanın saxlanması üçün qurğu""]","1"
"9109","Düzgün ifadəni seçin:","[""Printer giriş-çıxış qurğusudur"", ""CD-ROM çıxış qurğusudur"", ""Kompakt disk informasiyanı yadda saxlamaq üçün qurğudur"", ""Klaviatura giriş-çıxış qurğusudur"", ""Skaner informasiyanın saxlanması üçün qurğudur""]","2"
"9109","Aşağıdakılardan hansı yaddaş qurğusu deyil?","[""HDD"", ""BIOS"", ""FDD"", ""ROM"", ""RAM""]","1"
"9109","Enter düyməsinin təyinatı nədir?","[""Təsdiqetmə düyməsidir"", ""Kursordan sağdakı simvolu silir"", ""Sonuncu əmri ləğv edir"", ""Məlumat pəncərəsini açır"", ""Sonuncu əmri təkrar edir""]","0"
"9109","Fərdi kompüterin əsas tərkib hissələri hansılardır? 1) Klaviatura 2) Monitor 3) Modem 4) Mouse 5) Sistem bloku","[""1, 2, 3, 4, 5"", ""1, 2, 4, 5"", ""2, 4, 5"", ""1, 2, 5"", ""2, 3, 4, 5""]","1"
"9109","İnformatika ... - elmdir:","[""İnformasiyanın strukturunun, xassələrinin, yaradılmasinın, saxlanılmasının, axtarışının, emalının, istifadəçiyə çatdırılmasının metodları haqqında"", ""Informasiyanın emalı üçün istifadə olunan texniki vəsaitlər haqqında"", ""İnformasiyanın yığılması metodları haqqında"", ""İnformasiyanın xasəsələri haqqında"", ""İnformasiyanın müxtəlif formalara çevrilməsi haqqında""]","0"
"9109","Ən kiçik informasiya vahidi:","[""bayt"", ""bit"", ""Kbayt"", ""Mbayt"", ""Qbayt""]","1"
"9109","PS/2 portuna hansı qurğular qoşulur?","[""mause, klaviatura"", ""printer, skaner"", ""modem, coystik"", ""rəqəmli kamera, printer"", ""monitor, modem""]","0"
"9109","İnformatika nəyi öyrənir?","[""hesablama texnikasının köməyi ilə informasiya proseslərini və onların çevrilməsi üsul və metodlarını"", ""kommunikasiya texnologiyalarının ter vəonunla bağlı məsələləri;"", ""yeni informasiya pçevrilməsi üsul və metodlarını er texnologiyalarını ;"", ""yeni informasiya texnologiyalarını;"", ""yeni informasiya və kommunikasiya texnologiyalarını.""]","0"
"9109","İnformasiya ......... şəklində ötürülür, ....... şəklində saxlanılır.","[""Siqnal, kod"", ""Bayt, Fayl"", ""Bit, Siqnal"", ""Siqnal, Fayl"", ""Fayl, kod""]","0"
"9109","Üçüncü nəsil EHM-lər də onların element bazası:","[""inteqral sxemli"", ""böyük inteqral sxemli ;"", ""yarımkeçirici tranzistorlu;"", ""tranzistorlu;"", ""hiper inteqral sxemli.""]","0"
"9109","Ardıcıllıq düzdür?","[""verilən, informasiya, bilik."", ""informatika, proqram, kompüter;"", ""informasiya, istifadəçi, verilən;"", ""bilik, verilən, xəbər;"", ""verilən, bilik, informasiya;""]","0"
"9109","Beynəlxalq kodlaşdırma sistemi necə adlanır?","[""ASCII"", ""ANSI"", ""UNICOD"", ""Milli COD"", ""Kodlar cədvəli""]","0"
"9109","ASCII NƏDİR?","[""Beynəlxalq kodlaşdırma sistemi"", ""Milli kodlar cədvəli"", ""Kodlar cədvəli"", ""Universal kod"", ""Milli COD""]","0"
"9109","İnformasiyanın təsvir formaları hansılardır?","[""şifahi və yazılı"", ""şifahi və qrafik."", ""yazılı və qrafik."", ""cədvəl və qrafik."", ""cədvəl və rəqəm ıdarəetmə kodları""]","0"
"9109","ASCII-də 0-31-ə qədər kodlar nə üçün istifadə edilir?","[""İdarəetmə kodlar üçün"", ""Xüsusi simvollar üçün"", ""Hesab əməlləri və xüsusi işarələr üçün"", ""Əlifbanın baş hərfləri üçün"", ""Riyazi simvollar üçün""]","0"
"9109","Bir bit nəyə bərabərdir?","[""0 və ya 1"", ""0"", ""1və 0"", ""2"", ""1""]","0"
"9109","Hansı klaviş digər klavişlərin funksiyalarını dəyişmək üçündür?","[""Shift"", ""Ctrl"", ""Ecs"", ""Caps Lock"", ""F1""]","4"
"9109","Klaviaturada Caps Lock düyməsinin vəzifəsi nədir?","[""Baş hərflərə keçmək"", ""Silmək"", ""Vərəqləmək"", ""Boş məsafə"", ""heç biri""]","0"
"9109","Ekranda görünən məlumatları buferə köçürmək üçün hansı düymədən istifadə edilir?","[""Print Screen"", ""Shift"", ""Caps Lock"", ""Enter"", ""İnsert""]","0"
"9109","”Esc” düyməsinin vəzifəsi nədən ibarətdir?","[""rejimdən çıxmaq."", ""ekranı söndürmək."", ""qovluqları açmaq."", ""faylları açmaq."", ""kompüteri söndürmək""]","0"
"9109","“Back Spase” düyməsinin vəzifəsi nədir?","[""mətni bölür."", ""kursordan sol tərəfdəki informasiyanı pozur."", ""kursordan sağ tərəfdəki informasiyanı pozur"", ""mətnin daxil edilməsinə imkn verir"", ""rejimdən çıxmaq.""]","1"
"9109","Ekranda görünən məlumatları buferə köçürmək üçün hansı düymədən istifadə edilir?","[""Shift"", ""Caps Lock"", ""Print Screen"", ""Enter"", ""heç biri düz deyil""]","2"
"9109","“Enter” düyməsinin vəzifəsi nədən ibarətdir?","[""daxil etmək."", ""ekranı söndürmək."", ""qovluqları açmaq."", ""faylları açmaq."", ""rejimdən çıxmaq""]","0"
"9109","Prosessor nə üçündür?","[""İnformasiyanı emal etmək və digər qurğuları idarə etmək üçün;"", ""İnformasiyanı daxil etmək üçün;"", ""İnformasiyanı toplamaq üçün;"", ""Proqramları daxil etmək üçün;"", ""İnformasiyanı çap etmək üçün.""]","0"
"9109","Fərdi kompüterin əsas qurğuları hansılardır?","[""Sistem bloku, monitor, klaviatura;"", ""Printer, Disket;"", ""Monitor, maus, Printer;"", ""Sistem bloku, Skaner;"", ""Maus, monitor, klaviatura""]","0"
"9109","Xarici yaddaş qurğusunda informasiya hansı müddətə yadda saxlanılır?","[""Uzun muddətə- qeyri müəyyən vaxta;"", ""Yarım il müddətinə :"", ""5 il myddətinə;"", ""1 il müddətinə;"", ""Kompüterin istismarı müddətinə""]","0"
"9109","İnformasiyanı uzunmüddətli yadda saxlayan qurğu hansıdır?","[""Vinçester;"", ""Printer;"", ""Monitor;"", ""Operativ yaddaş;"", ""Skaner.""]","0"
"9109","Klaviatura nə üçündür?","[""İnformasiyanı daxil etmək üçün;"", ""İnformasiyanı emal etmək üçün;"", ""İnformasiyanı yadda saxlamaq üçün"", ""İnformasiyanı çap etmək üçün;"", ""Kalkulyatoru əvəz edir.""]","0"
"9109","İnformasiya nədir?","[""obyekt və hadisələr haqqında əldə edilmiş məlumat, bilik, verilən"", ""obyektin ölçüsü, verilən"", ""hadisə haqqında məlumat"", ""xəbər, obyektin xassələri"", ""obyektin yeri və bilik""]","0"
"9109","İnsan informasiyanı ən çox necə alır?","[""hiss orqanları və elmi biliklər əsasında"", ""eşitməklə;"", ""görməklə;"", ""oxumaqla;"", ""hiss etməklə.""]","0"
"9109","İnformasiyanın əsas xassələri?","[""doğruluq, aktuallıq,obyektivlik , yararlılıq, tamlıq, adekvatlıq"", ""doğruluq, tamlıq , konqretlik, yararlılıq;"", ""aktuallıq, doğruluq, ilkinlik, sonluluq, dövrülük;"", ""obyektivlik, subyektivlik, ikilik;"", ""ikilik, səkkizlik, onluq, onaltılıq""]","0"
"9109","İnformasiyanın təsvir formaları hansılardır?","[""yazılı və şifahi;"", ""mətn-simvol;"", ""qrafiki, səs, simvol;"", ""qeydiyyatı və yazılı olması;"", ""ilkin və törəmə.""]","0"
"9109","İnformatikada informasiyanın hansı növləri var?","[""Analoq və rəqəm"", ""Obyektiv və subyektiv"", ""Doğru və yalan"", ""Etibarlı və həqiqi"", ""Tam və natamam""]","0"
"9109","Bit nədir?","[""İnformasiyanın ən kiçik ölçü vahidi"", ""İnformasiyanın saxnalılması vahidi"", ""İnformasiyanın ötürülməsi vahidi"", ""İnformasiyanın müqayisə vahidi"", ""Hesablama üçün istifadə edilən vahid""]","0"
"9109","Müasir komputerlərin əsas arxitekturası kim tərəfindən verilib?","[""Con -Fon Neyman"", ""Paskal"", ""Şennon"", ""Leybnis"", ""Ada Avqusta""]","0"
"9109","EHM nədir ?","[""informasiya proseslərini avtomatlaşdıran elektron qurğu"", ""informasiyanı ötürən və saxlayan qurğu"", ""informasiyanı daxil edən və saxlayan qurğu"", ""elektrik qurğu"", ""informasiyanı çevirən qurğu""]","0"
"9109","EHM-lərin nəsilləri necə müəyyən olunur?","[""Element bazası, yaddaş həcmi və sürəti ilə;"", ""Operativ yaddaşının tutumu (həcmi) ilə;"", ""EHM yaradılarkən tətbiq olunan arxitektura ilə;"", ""EHM-in yerinə yetirə bildiyi əmrlərin sayı ilə;"", ""yaradılma tarixi və yaddaş həcminə görə""]","0"
"9109","Birinci nəsil EHM-lər və onların element bazası ?","[""elektron lampalı;"", ""interqral sxemli;"", ""yarımkeçirici - tranzistorlu"", ""böyük inteqral sxemli;"", ""böyük inteqral sxemli və lampalı.""]","0"
"9109","İkinci nəsil EHM-lər və onların element bazası?","[""yarımkeçirici - tranzistorlu;"", ""inteqral sxemli;"", ""elektron lampalı ;"", ""böyük inteqral sxemli;"", ""fotonlar""]","0"
"9109","Dördüncü nəsil EHM-lər və onların element bazası:","[""böyük inteqral sxemlər"", ""yarımkeçirici tranzistorlar"", ""inteqral sxemlər"", ""lampalar"", ""fotonlar""]","0"
"9109","İlk Fərdi kompüterin yaranma tarixi","[""1974"", ""1975"", ""1981"", ""1942"", ""1946""]","0"
"9109","Kompüterin sistem blokunun əsas elementləri?","[""sistem platası, adapterlər,cərəyan bloku, vinçester, diskovod;"", ""printerlər, adapterlər, cərəyan bloku, diskovod, vinçester;"", ""ana plata, adapterlər, monitor;"", ""sistem platası, adapterlər, diskovod, vinçester, diskovod, klaviatura;"", ""sistem platası, adapterlər, cərəyan bloku, elastik maqnit diskləri diskovod, skaner.""]","0"
"9109","Ana (sistem) platanın üzərində kompüterin hansı komponentləri yerləşdirilmişdir?","[""mikroprosessor, operativ yaddaş, mühafizə mikrosxemləri,çipset, magistral (şin), şin nəzarətçiləri, daimi yaddaş qurğusu,slotlar;"", ""mikroprosessor, operativ yaddaş mühafizə mikrosxemləri, slotlar;"", ""mikroprosessor, operativ yaddaş, mühafizə mikrosxemləri, mərkəzi magistral, slotlar."", ""mikroprosessor, operativ yaddaş, mühafizə mikrosxemləri, mərkəzi magistral, şin nəzarətçiləri;"", ""mikroprosessor, mühafizə mikrosxemləri, magistral (şin), şin nəzarətçiləri, slotlar.""]","0"
"9109","Mikroprosessorların əsas parametrləri hansılardır?","[""əmrlər toplusu, mərtəbəlilik, takt tezliyi;"", ""əmrlər toplusu, vaxt, say sistemi;"", ""əmrlər toplusu, mərtəbəlilik"", ""əmrlər toplusu, takt tezliyi, ölçüsü"", ""mərtəbəlilik, takt tezliyi, vaxt.""]","0"
"9109","PLOTTER nədir?","[""müxtəlif sxemlərin kağız üzərində çap edən qurğu"", ""Hesab məntiq qurğusu"", ""Daxili yaddaş"", ""Xarici yaddaş"", ""SETUP""]","0"
"9109","Monitor nə üçündür?","[""İnformasiyanı ekranda təsvir etmək üçün"", ""İnformasiyanı emal etmək üçün;"", ""İnformasiyanı daxil etmək üçün;"", ""İnformasiyanı çap etmək üçün;"", ""İnformasiyanı yadda saxlamaq üçün;""]","0"
"9109","Kompüter nədir?","[""İnformasiyanın çevrilməsini avtomatlaşdıran elektron qurğu"", ""Mətn yığmaq üçün qurğu"", ""Elektron cədvəllərlə işləmək üçün qurğu"", ""Hesablama qurğusu"", ""Oyun qurğusu""]","0"
"9109","Verilənləri əks etdirən qurğu hansıdır?","[""Monitor"", ""Disket"", ""Klaviatura"", ""Vinçester"", ""Printer""]","0"
"9109","BİOS mikrosxemində yerləşən proqramın əsas funksiyası:","[""Kompyuterin qurğularını test etmək"", ""İnformasiya mübadiləsini həyata keçirmək"", ""Qurğuların əlaqəsini yaratmaq"", ""Müxtəlif videorejimdə ışləmək"", ""İnformasiyanı digər qurğulara göndərmək""]","0"
"9109","Fərdi kompyuterin funksiyaları:","[""veriləni daxil etmək, yaddaşdakı proqram əsasında onu çevirmək və nəticəni xaric etmək;"", ""məlumatı, veriləni toplamaq, emal etmək;"", ""veriləni xaric etmək, onu çevirmək;"", ""şəbəkəyə qoşulmaq, veb səhifələri açmaq;"", ""yaddaşdakı veriləni emal etmək.""]","0"
"9109","Verilənləri müvəqqəti saxlamaq üçün istifadə olunan yaddas:","[""əməli (operativ) yaddaş"", ""daimi yaddaş;"", ""kompakt disklər;"", ""mikrosxemlər dəsti (cipset);"", ""modem, fləş.""]","0"
"9109","F1, F2,…,F10 klavişləri necə adlanır?","[""Funksional klavişlər.;"", ""Xidməti klavişlər;"", ""Əlavə klavişlər;"", ""İdarəetmə klavişlər;"", ""Hərf-rəqəm klavişləri""]","0"
"9109","BİOS harada yerləşir?","[""daimi yaddaşda"", ""xarici yaddaşda;"", ""yarımdaimi yaddaşda;"", ""operativ yaddaşda;"", ""diskdə;""]","0"
"9109","Proqram təminatı nədir?","[""Kompyuterin fəaliyyəti, informasiyanın emalının təşkili və idarə edilməsi üçün istifadə olunan proqramlar kompleksi"", ""Tətbiqi proqramlar üçün normal mühitin təmin edilməsi üçün istifadə olunan proqramlar"", ""İnformasiyanın mübadiləsinin həyata keçirilməsi üçün istifadə olunan proqram"", ""Əməliyyat sisteminin imkanlarını genişləndirən proqram"", ""Xüsusi nəzarət proqramı""]","0"
"9109","Proqram təminatı funksiyasına görə bölünür:","[""Sistem proqramları və tətbiqi proqram təminatı"", ""Problemyönümlü və üsulayönümlü proqram"", ""Sistem proqram təminatı və texniki xidmət proqramı"", ""Texniki xidmət proqramı və serviz proqramı"", ""Test proqramı və tətbiqi proqram təminatı""]","0"
"9109","Antivirus proqramı hansı növ proqrama aiddir?","[""Servis proqramına"", ""Tətbiqi proqram təminatına"", ""Əməliyyat sistemlərinə"", ""Xüsusi nəzarət proqramına"", ""Üsulayönümlü proqrama""]","0"
"9109","Texniki xidmət proqramının vəzifəsi?","[""Kompyuterin düzgün işləməsinə nəzarət etmək və nasazlıqları aşkar etmək"", ""İstifadəçiyə yeni interfeysin təqdim edilməsi"", ""İstifadəçiyə əlavə xidmət etmək və ƏS-nin imkanlarını genişləndirmək"", ""Fayl sisteminə və disklərə xidmət"", ""Verilənlərin bərpası və arxivləşdirmə""]","0"
"9109","Proqram təminatı kompyuter sistemində hansı termin ilə işlədilir?","[""Software"", ""Hardware"", ""Wysiwyg"", ""Wave-file"", ""OLE""]","0"
"9109","Virus nədir?","[""Kiçik həcmli xüsusi proqram;"", ""Standart proqramlardan biri;"", ""Kompüterlə heç bir əlaqəsi yoxdur;"", ""Xəstəlik;"", ""Xüsusi qurğu.""]","0"
"9109","Viruslar əsasən hansı məqsədlərlə yaradılır?","[""Kommersiya sirri,özünü təstiq,proqramları qorumaq"", ""Intiqam, satıs, proqramları qorumaq"", ""Proqramları pozmaq, satıs, özünü təstiq"", ""Intiqam,kommersiya, özünü təstiq"", ""Proqramları pozmaq, kommersiya, özünü təstiq""]","0"
"9109","Yerləşmə mühitinə görə.......... virusları mövcuddur","[""Fayl, yükləmə, şəbəkə"", ""Fayl, yükləmə, qorxulu"", ""Rezident, qeyri rezident"", ""Lokal , şəbəkə"", ""Rezident, yükləmə, şəbəkə""]","0"
"9109","Virusun məqsədi","[""Kompyuter sisteminə daxil olaraq onlara ziyan vurmaq"", ""Standart proqramlardan silmək"", ""İnformasiya təhlükəsizliyini yaratmaq"", ""İnformasiyanı qorumaq"", ""Virusları neytrallaşdırmaq""]","0"
"9109","Antivirus proqramların əsas funksiyası:","[""Virusları tapmaq və onları aradan qaldırmaq"", ""İnformasiya təhlükəsizliyini həyata keçirmək"", ""İnformasiyanın qorunmasını həyata keçirmək"", ""Virusları neytrallaşdıran proqram"", ""Proqramlarin işini pozmaq""]","0"
"9109","İlk dəfə virus sözü neçənci ildə işlədilib?","[""1973"", ""1981"", ""1975"", ""1946"", ""Heç bir tarix düz deyil""]","0"
"9109","Fayl virusunun əsas xüsusiyyəti:","[""Faylla daxil olaraq onları korlayır"", ""Disklərin yükləmə sektorunu zədələyir"", ""Həm faylları, həm də diskləri zədələyir"", ""Fayl sistemini sıradan çıxardır"", ""Şəbəkə sistemini pozur""]","0"
"9109","Şəbəkə virusunun əsas xüsusiyyəti:","[""Lokal şəbəkəyə və internetə ziyan vuraraq orada fəaliyyət göstərir"", ""Faylları korlayır"", ""Həm faylları, həm də diskləri zədələyir"", ""Fayl sistemini sıradan çıxardır"", ""Disklərin yükləmə sektorunu zədələyir""]","0"
"9109","Antivirusların hansı növləri var?","[""Dedektorlar, həkim-proqramlar, müfəttişlər, filtrlər, vaksinlər"", ""Həkim-proqramlar, müfəttişlər, filtrlər, vaksinlər,arxivlər"", ""Müfəttişlər, dedektorlar, həkim-proqramlar"", ""Filtrlər, örtüklər, filtrlər, vaksinlər"", ""Vaksinlər, həkim-proqramlar, müfəttişlər""]","0"
"9109","Faylın adı neçə simvoldan ibarət ola bilər?","[""256"", ""3"", ""32"", ""16"", ""64""]","0"
"9109","Əməliyyat sistemi nədir?","[""Kompüterlə istifadəçi arasında dialoq yaradan proqram;"", ""Tətbiqi proqramlar paketi;"", ""İxtiyari proqramlar;"", ""Texniki vasitələr;"", ""Heç biri.""]","0"
"9109","Fayl nədir?","[""İnformasiyanın diskdə tutduğu yer;"", ""Qovluq;"", ""Disk;"", ""İcra olunan proqram;"", ""Operativ yaddaşda yerləşən informasiya.""]","0"
"9109","Faylın qısa yolunu(Shortcut) sildikdə ...","[""Sadəcə shortcut silinir"", ""Fayl silinir"", ""Fayl və shortcut, hər ikisi silinir"", ""Heç biri silinmir"", ""heç biri""]","0"
"9109","Kompüter şəbəkələrinin hansı növləri var?","[""Lokal, regional, qlobal."", ""Monokanal."", ""Dairəvi."", ""Ulduzşəkilli."", ""Şlüzü vasitəsile""]","0"
"9109","Provayder nədir?","[""Şəbəkə xidmətini təşkil edən təşkilatlar"", ""Aparıcı əsas kompüterdir"", ""Müştəri-aparıcı proqramdır"", ""İnternet əlaqə formasıdır."", ""Şəbəkədir""]","0"
"9109","FTP protokolunun əsas vəzifəsi nədir?","[""Faylların çox asanlıqla ötürülməsinə imkan verən protokoldur."", ""Şəbəkə xəbər ötürmə protokoludur."", ""Uzaqda yerləşən terminal protokoldur."", ""Poçt xidmət növüdür."", ""Fayl mübadiləsinin daha mükəmməl sistemidir.""]","0"
"9109","Şəbəkə resurslarının təmin edən kompüter necə adlanır?","[""server"", ""domen"", ""işçi stansiya"", ""terminal"", ""Heç biri düz deyil""]","0"
"9109","Lokal kompüter şəbəkəsi nədir?","[""Lokal şəbəkə bir – birinə yaxın məsafədə yerləşən idarə və təşkilatları əlaqələndirir."", ""Eyni proqram təminatından istifadə edən şəbəkədir"", ""2 kompüterin sadə şəkildə bir -birinə qoşularaq aralarında informasiya mübadiləsi həyata keçirən şəbəkədir"", ""Eyni avadanlıqlardan və proqram vasitələrdən istifadə edən şəbəkədir"", ""Şəbəkələrin şəbəkəsidir""]","0"
"9109","Qlobal şəbəkə nədir?","[""Beynəlxalq miqyaslı şəbəkə;"", ""Ərazi miqyaslı şəbəkə;"", ""Məhdud sahəni əhatə edən şəbəkə;"", ""Yalnız bir bina daxilində olan şəbəkə;"", ""Kiçik məsafələrdə olan şəbəkə.""]","0"
"9109","Domen nədir?","[""şəbəkədə istifadəçi kompüterinin ünvan hissəsidir"", ""informasiyanın ölçü vahididir"", ""kompüterlər arasında bağlantını təmin edən qurğudur"", ""kompüterlər arasında rabitəni təmin edən qurğudur"", ""Heç biri""]","0"
"9109","Obyekti köçürməklə yerini dəyişməyin fərqi nədir?","[""Yerini dəyişdikdə obyekt əvvəlki yerində qalmır, köçürüldükdə isə əvvəlki yerində də qalır;"", ""Köçürüldükdə obyekt dəyişmir, yerini dəyişdikdə isə dəyişir;"", ""Köçürüldükdə obyekt itir;"", ""Yerini dəyişdikdə obyekti bərpa etmək olmur."", ""Heç bir fərqi yoxdur""]","0"
"9109","Faylı yeni adda yaddaşa yazmaq üçün nə etmək lazımdır?","[""SaveAs sıxmaq lazımdır"", ""Open sıxmaq lazımdır;"", ""Save sıxmaq lazımdır;"", ""New sıxmaq lazımdır;"", ""Servizə girmək lazımdır""]","0"
"9109","Orfoqrafik səhvlər hansı xətlə qeyd olunur?","[""qırmızı"", ""yaşıl"", ""sarı"", ""göy"", ""Qeyd olunmur""]","0"
"9109","Hansı klaviş simvollar registrini dəyişmək üçündür?","[""Alt"", ""İnsert"", ""Shift"", ""Ctrl"", ""Num Lock""]","2"
"9109","Faylın adındakı ikinci hissə nəyi bildirir?","[""Faylın tipini;"", ""Fayla qoyulan ixtiyari adı;"", ""Faylın ölçüsünü;"", ""Heç bir mənası yoxdur;"", ""Faylın yaranma tarixini.""]","0"
"9109","MS Word proqramında ekran səhifələrini vərəqləmək üçün klaviaturada hansı düymələrdən istifadə olunur?","[""Page Up, Page Down"", ""Ctrl, Tab"", ""F1, F5"", ""İnsert, Num Lock"", ""Heç biri""]","0"
"9109","MS Word proqramında cədvəl qurmaq üçün baş menyunun hansı əmrindən istifadə olunur?","[""Table;"", ""İnsert;"", ""Format;"", ""View."", ""Heç biri düz deyil""]","0"
"9109","Bu klavişlərdən hansı sətrin sonuna keçməyə imkan verir?","[""End"", ""Ctrl+ X"", ""Ctrl+ V"", ""Ctrl+ A"", ""Ctrl+end""]","4"
"9109","Bu əmrlərdən hansı növbəti səhifəyə keçməyə imkan verir?","[""Ctrl+ Page Down"", ""PageUp"", ""Page Down"", ""Ctrl+ Page Up"", ""heç biri""]","0"
"9109","Bütün mətni necə seçmək olar?","[""Ctrl + A;"", ""Ctrl + abzasda mausun düyməsini 3 dəfə sıxmaqla;"", ""Abzasda mausun düyməsini 3 dəfə sıxmaqla;"", ""Ctrl + cümlə üzərində mausun düyməsini 2 dəfə sıxmaqla;"", ""Ctrl + cümlə üzərində mausun düyməsini 2 dəfə sıxmaqla.""]","0"
"9109","Kolontitul nədir?","[""Sütunlar"", ""Xüsusi effektlə yazılmış yazılar;"", ""Şəkillər, kliplər, səslər;"", ""Fiqurların siyahısı;"", ""Mətnin əsas məzmununa dəxli olmayan və hər səhifədə təkrarlanan yazılar;""]","0"
"9109","Ms Word mətn redaktoru hansı artırmalı fayl yaradır?","[""doc"", "".com"", "".bmp"", "".Txt"", "".xls""]","0"
"9109","Sənəd yalnız oxumaq üçün açılıbsa onunla bağlı hansı işi görmək olmaz? (MS Word)","[""Düzəliş etmək"", ""Çapa vermək"", ""Sənədi həmin faylda yadda saxlamaq"", ""Sənədi elektron poçtla göndərmək"", ""heç biri""]","0"
"9109","Mətn redaktorunda yazıları silmək üçün klaviaturanın hansı düymələrindən istifadə oluna bilər?","[""Del və BackSpace ;"", ""BackSpace;"", ""Del;"", ""Enter;"", ""Heç biri""]","0"
"9109","Mətn redaktorunda yazıları yaddaşa vermək üçün hansı düymələrdən istifadə olunur?","[""CTRL + S;"", ""CTRL + A;"", ""CTRL + V;"", ""CTRL + F ;"", ""Heç biri""]","0"
"9109","Word proqramında bir sözü necə seçmək olar?","[""Üzərində Mouse-un sol düyməsi ilə iki dəfə vurduqda"", ""Üzərində Mouse-un sol düyməsi ilə bir dəfə vurduqda"", ""Üzərində Mouse-un sol düyməsi ilə üç dəfə vurduqda"", ""Üzərində Enter düyməsini vurduqda"", ""Heç biri""]","0"
"9109","Ms Excel sistemində xana nə deməkdir?","[""Sətir və sütunun kəsişməsi;"", ""Proqram;"", ""Sətir;"", ""Mətn;"", ""Sütun.""]","0"
"9109","Ms Excel sistemində mausla bir xana necə seçilir?","[""Xana daxilində mausun düyməsini sıxmaqla;"", ""Xana daxilində mausu hərəkət etdirməklə;"", ""Sətrin sərlövhəsində mausun düyməsini sıxmaqla;"", ""Sətir və sütun sərlövhələrinin kəsişməsində yerləşən düyməni sıxmaqla;"", ""Sütunun sərlövhəsində mausun düyməsini sıxmaqla.""]","0"
"9109","Ms Excel-də nisbi ünvan nə deməkdir?","[""Düsturun yerdəyişməsi zamanı dəyişən ünvan;"", ""Düsturun yerdəyişməsi zamanı dəyişməyən ünvan;"", ""Sütunun nömrəsi dəyişən;"", ""Sətrin nömrəsi dəyişən;"", ""Düstur hesablanan.""]","0"
"9109","Ms Excel-də sənədin birinci xanasına keçmək üçün hansı klaviş sıxılmalıdır?","[""Ctrl+Home;"", ""Scroll Lock+End;"", ""Ctrl+End;"", ""Scroll Lock+Home;"", ""Home.""]","0"
"9109","Cədvəlin xanalarının eni necə dəyişdirilir?","[""Kursoru xana daxilində hərəkət etdirməklə;"", ""Mausun kursorunu xananın sərhədində yerləşdirib hərəkət etdirməklə;"", ""Tablisa –Vıdelit tablisu;"", ""Tablisa – Dobavit tablisu;"", ""Tablisa –Razbit tablisu.""]","1"
"9109","Bu pəncərə elementlərindən hansı yalnız Ms Excelə məxsusdur?","[""Düstur sətri;"", ""Vəziyyət sətri;"", ""Sərlövhə sətri;"", ""Alətlər paneli;"", ""Menyu sətri.""]","0"
"9109","Aşağıdakı ifadələrdən hansı Ms Excel-də yazılmış düsturdur?","[""=A3*C5;"", ""4A+5;"", ""A2*2-B3;"", ""A2+D12;"", ""G15/J25.""]","0"
"9109","Ms Excel-də sonuncu dolu xanaya necə keçilir?","[""Ctrl+End"", ""Scroll Lock+Home;"", ""Scroll Lock+End;"", ""Ctrl+Home;"", ""End.""]","0"
"9109","Ms Excel-də hansı sabit mətn tiplidir?","[""“1985”;"", ""4523;"", ""15%;"", ""$100;"", ""25E3.""]","0"
"9109","Ms Excel-də sətir necə seçilir?","[""Sətrin sərlövhəsində mausun düyməsini sıxmaqla;"", ""Sətir və sütun sərlövhələrinin kəsişməsində yerləşən düyməni sıxmaqla;"", ""Sütunun sərlövhəsində mausun düyməsini sıxmaqla;"", ""Mausu sətirdə hərəkət etdirməklə;"", ""Xana daxilində mausun düyməsini sıxmaqla.""]","0"
"9109","Ms Excel sütun necə seçilir?","[""Sütunun sərlövhəsində mausun düyməsini sıxmaqla;"", ""Sətrin sərlövhəsində mausun düyməsini sıxmaqla;"", ""Mausu sütunda hərəkət etdirməklə;"", ""Xana daxilində mausun düyməsini sıxmaqla;"", ""Sətir və sütun sərlövhələrinin kəsişməsində yerləşən düyməni sıxmaqla.""]","0"
"9109","Ms Excel-in əsas iş rejimləri hansılardır?","[""Mətn və rəqəm;"", ""Düstur;"", ""Mətn;"", ""Adi;"", ""Adi və düstur.""]","0"
"9109","Ms Excel-də nisbi ünvan nədir?","[""Hesablama prosesində dəyişə bilən ünvan;"", ""Özündə sabit məlumat saxlayan ünvan;"", ""Aktiv ünvan;"", ""Unikal yazıya malik ünvan;"", ""Rəqəmlərdən ibarət ünvan.""]","0"
"9109","Ms Excel-də mütləq ünvan nədir?","[""Özündə sabit məlumat saxlayan ünvan;"", ""Aktiv ünvan;"", ""Hesablama prosesində dəyişə bilən ünvan;"", ""Unikal yazıya malik ünvan;"", ""Rəqəmlərdən ibarət ünvan.""]","0"
"9109","Elektron cədvəllərin hansı imkanları var?","[""Bunların hamısı;"", ""Sətir və sütun əlavə etmək;"", ""Sətir və sütunları pozmaq;"", ""Cədvəli formatlaşdırmaq;"", ""Sətir və sütunların ölçülərini dəyişmək.""]","0"
"9109","Ms Excel proqramında sənəd necə adlanır?","[""işçi kitab (workbook)"", ""işçi vərəq (worklist)"", ""işçi sənəd (work document)"", ""işçi səhifə (work page)"", ""Heç biri""]","0"
"9109","Bir işçi səhifədə neçə sətir və sütun var?","[""işçi səhifənin hər birində 65536 sətir və 256 sütun var;"", ""işçi səhifənin hər birində 500 sətir və 265 sütun var;"", ""işçi səhifənin hər birində 645 sətir və 200 sütun var;"", ""işçi səhifənin hər birində 64 sətir və 20 sütun var;"", ""Elə bir məhdudiyyət yoxdur.""]","0"
"9109","Ms Excel proqramında göstərilən $B5 ünvanının tipini göstərin:","[""Sütun – mütləq, sətir-nisbi;"", ""Sütun - nisbi, sətir – nisbi;"", ""Sütun - mütləq, sətir - mütləq;"", ""Sütun – nisbi, sətir – mütləq;"", ""Sətir - mütləq.""]","0"
"9109","D25 oyuğunu mütləq ünvan kimi istifadə etmək üçün düzgün yazılış hansı sətirdədir?","[""$D$25;"", ""$D25;"", ""D$25;"", ""#D25;"", ""D25.""]","0"
"9109","Elektron cədvəlində A1:B3 oyuqlar qrupu seçilib. Bu qrupa neçə oyuq daxildir?","[""6;"", ""13;"", ""2;"", ""5;"", ""4.""]","0"
"9109","Hücrədə iki və daha artıq sətir (sətirdən sətrə keçmək üçün) yerləşdirmək üçün hansı düymələri sıxmaq lazımdır?","[""Alt+ Enter;"", ""Enter;"", ""Ctrl+ Enter;"", ""Shift+ Enter;"", ""Alt.""]","0"
"9109","D8 oyuğunda D1, D2, D3, D4, D5, D6, D7 oyuqlardakı ədədləri cəmləmək üçün düstur sətrində nə yazmaq lazımdır?","[""=Sum (D1:D7);"", ""=Average (D1:D7);"", ""=Sum (D1,D7);"", ""=Average (D1,D7);"", ""Sum (D1:D7).""]","0"
"9109","Ms Excel proqramında göstərilən $A6 ünvanının tipini göstərin:","[""Sütun – mütləq, sətir-nisbi;"", ""Sütun - nisbi, sətir – nisbi;"", ""Sütun - mütləq, sətir - mütləq;"", ""Sütun – nisbi, sətir – mütləq;"", ""Sütun – nisbi.""]","0"
"9109","C7 oyuğunda C1, C2, C3, C4, C5, C6 oyuqlardakı ədədləri cəmləmək üçün düstur sətrində nəyi yazmaq lazımdır?","[""=Sum (C1:C6)"", ""=Average (C1:C6)"", ""= (C1:C6)"", ""=Sum (C1,C6)"", ""=Average (C1,C6)""]","0"
"9109","Cədvələ sətir əlavə etmək üçün “İnsert” menyusunun hansı kateqoriyasından istifadə etmək lazımdır?","[""\""İnsert+Column\"""", ""\""İnsert+Row\"""", ""\""İnsert+Sheet\"""", ""\""İnsert+Name\""""]","0"
"9109","Hesablama nəticəsində oyuqda ####### yazılarsa, bu nə məna daşıyır?","[""Hesablamanın nəticəsi oyuğa yerləşmir;"", ""Hesablama düzgün aparılmayıb;"", ""Sıfra bölmə cəhdi;"", ""Hesablama düsturunda rəqəm olmayan element var;"", ""Hesablamanın nəticəsi çox kiçikdir.""]","0"
"9109","Ms Excel fayllarının genişlənməsi nədir?","[""Xls"", ""Bmp"", ""Txt"", ""Doc"", ""Mdb""]","0"
"9109","Ms Excel-də xanaya düstur daxil edildikdə onun qarşısında hansı simvol qoyulmalıdır?","[""="", ""%"", ""$"", "")"", ""#""]","0"
"9109","Seçilmiş sətri və ya sütunu silmək üçün hansı əmr seçilir?","[""“Edit” menyusundan “Delete” əmri"", ""Klaviaturada “Delete” düyməsi sıxılır"", ""“Edit” menyusundan “Delete Sheet” əmri"", ""“Edit” menyusundan “Clear” əmri"", ""Klaviaturada “Ctrl” düyməsi sıxılır""]","0"
"9109","B1, B2, B3, B4, B10 oyuqlarında ən böyük ədədin tapılması üçün düstur sətrində nə yazmaq lazımdır?","[""=Max(B1:B4;B10)"", ""=Min(B1:B4;B10)"", ""=Min(B1:B4)"", ""=Max(B1:B4)"", ""=Max (B1:B10)""]","0"
"9109","Excel elektron cədvəlində kursoru ən son sətrə aparmaq üçün klaviaturada hansı düymədən istifadə edilir?","[""[Ctrl+ ↓ ]"", ""[Ctrl+ ↑]"", ""[Ctrl+ ← ]"", ""[Ctrl+ →]"", ""[Ctrl+End]""]","0"
"9109","A1, A2, A3, A4 oyuqlarına uyğun olaraq 6, 7, 7, 8 ədədləri daxil edilmişdir. =SUM (A1:A4) formulunun qiyməti nə olacaq?","[""28;"", ""6;"", ""8;"", ""14;"", ""13.""]","0"
"9109","Hücrədə iki və daha artıq sətir (sətirdən sətrə keçmək üçün) yerləşdirmək üçün hansı düymələri sıxmaq lazımdır?","[""Alt+ Enter;"", ""Enter;"", ""Ctrl+ Enter;"", ""Shift+ Enter;"", ""Alt.""]","0"
"9109","Ms Excel-in əsas iş rejimləri hansılardır?","[""Mətn və rəqəm;"", ""Düstur;"", ""Mətn;"", ""Adi;"", ""Adi və düstur.""]","0"
"9109","Ms Excel sütun necə seçilir?","[""Sütunun sərlövhəsində mausun düyməsini sıxmaqla;"", ""Sətrin sərlövhəsində mausun düyməsini sıxmaqla;"", ""Mausu sütunda hərəkət etdirməklə;"", ""Xana daxilində mausun düyməsini sıxmaqla;"", ""Sətir və sütun sərlövhələrinin kəsişməsində yerləşən düyməni sıxmaqla.""]","0"
"9109","“İnformatika” sözü elmi bir anlayış kimi ilk dəfə elmi ədəbiyyata kim tərəfindən daxil edilmişdir?","[""Fransız mütəxəssisləri tərəfindən."", ""Amerika alimləri tərəfindən."", ""Çin mütəxəssisləri tərəfindən."", ""Azərbaycan alimi tərəfindən."", ""İngiltərə mütəxəssisləri tərəfindən.""]","0"
"9109","“İnformatika” elmi bir elm kimi neçənci əsrdə elmə daxil edilmişdir?","[""XVİİ əsrin 50 – ci illərində"", ""XX əsrin 60-cı illərində.."", ""XV əsrin 60-ci illərində."", ""XVİ əsrin 20 – ci illərində."", ""XIX əsrdə.""]","1"
"9109","“İnformatika sözü hansı söz birləşməsindən əmələ gəlmişdir?","[""İnformasiya və avtomatika."", ""İnformasiya və matematika."", ""İnformasiya və elm."", ""Kibernetika və telematika."", ""Avtomatika və matematika.""]","0"
"9109","İnformatikanın predmetini nə təşkil edir?","[""Tətbiqi proqramlar."", ""Proqramlaşdırma."", ""İnformasiyanın axtarışı."", ""İnformasiya texnologiyası."", ""İnformasiyanın verilməsi.""]","3"
"9109","Aşağıdakılardan hansını informatikanın predmetinə aid etmək olmaz?","[""İnformasiya bazalarının yaradılması."", ""Aparat və proqram vasitələrlə insanın qarşılıqlı əlaqə vasitələri."", ""Aparat və proqram təminatı vasitələrinin qarşılıqlı əlaqə vasitələri."", ""Hesablama texnikasının vasitələrinin aparat təminatı."", ""Hesablama texnikasının vasitələrinin proqram təminatı""]","0"
"9109","İnformatika elminin əsas tərkib hissələri hansılardır?","[""Software və Brainware"", ""Hardware, Software"", ""Hardware, Software və Brainware"", ""Software"", ""Brainware""]","2"
"9109","Hardware informatikanın hansı sahəsini öyrənir?","[""proqram tənimatını"", ""hesablama texnikası, aparat vasitələrinin işlənməsini, EHM – lər və quruluşunu, qurğular və onlardan istifadə qaydalarını"", ""alqoritmik dillər vasitəsilə məsələnin kompüterdə həll üsulunu"", ""hesablama texnikasını"", ""heç birini""]","1"
"9109","Software informatikanın hansı sahəsini öyrənir?","[""proqram təminatının işlənməsini"", ""hesablama texnikası, aparat vasitələrinin işlənməsini, EHM – lər və onların quruluşunu, qurğular və onlardan istifadə qaydalarını"", ""proqram tənimatını"", ""alqoritmik dillər vasitəsilə məsələnin kompüterdə həll üsulunu"", ""hesablama texnikasını""]","0"
"9109","Brainware informatikanın hansı sahəsini öyrənir?","[""alqoritmik dillər vasitəsilə məsələnin kompüterdə həlli üçün alqoritmlərin işlənilməsini, onların qurulması üçün metodları öyrənir."", ""hesablama texnikası, aparat vasitələrinin işlənməsini, EHM – lər və onların quruluşunu, qurğular və onlardan istifadə qaydalarını"", ""proqram tənimatını"", ""proqram təminatının işlənməsini"", ""hesablama texnikasını""]","0"
"9109","Siqnal nədir?","[""parametrin ala biləcəyi mümkün qiymətlərdir."", ""amplituddur"", ""məlumatı - informasiyanı ötürməyi təmin edən hər hansı fiziki kəmiyyətin zamana görə dəyişməsidir."", ""səs dalğasıdır"", ""heç biri""]","2"
"9109","İnformasiya parametrlərinin strukturundan asılı olaraq siqnalın hansı növləri vardır?","[""kəsilməz"", ""diskret"", ""diskret - kəsilməz"", ""diskret, kəsilməz, diskret - kəsilməz"", ""diskret – diskret""]","3"
"9109","İnformasiyanın xassələri hansılardır?","[""tamlıq, obyektivlik, adekvatlıq, aydınlıq, birqiymətlilik, aktuallıq"", ""tamlıq, Obyektivlik"", ""diskretlik və kəsilməzlik"", ""analoq və rəqəmsal"", ""müəyyənlik, sonluluq və nəticəvilik, kütləvilik""]","0"
"9109","İnformasiyanın verilmə üsulları hansılardır?","[""mətn, qrafiki, səs, kombinasiyalı, ədədi"", ""qrafiki, səs, rəqəmsal"", ""analoq və rəqəmsal"", ""video, mətn, multimedia"", ""heçbiri""]","0"
"9109","ASCİİ kodlaşdırmasında 1 simvol neçə baytdır?","[""1 simvol = 8 bayt"", ""1 simvol = 2 bayt"", ""1 simvol =1 bayt"", ""1 simvol = 1 bit"", ""1 simvol = 4 bayt""]","2"
"9109","UniCode kodlaşdırılmasında 1 simvol neçə baytdır?","[""1 simvol = 8 bayt"", ""1 simvol = 1 bayt"", ""1 simvol =2 bayt"", ""1 simvol = 1 bit"", ""1 simvol = 4 bayt""]","2"
"9109","İnformasiyanın 8 bitli kodlaşdırılmasını hansı standartla həyata keçirilir?","[""ASCİİ"", ""Unicode"", ""İEEE"", ""İSO"", ""OSİ""]","0"
"9109","ASCİİ – də verilmiş aşağıdakı məlumatda neçə simvol vardır? 01111011 11010000 01110111 11011111 01111101","[""8"", ""6"", ""40"", ""12"", ""5""]","4"
"9109","ASCİİ kodlaşdırmasında neçə simvol vardır?","[""2"", ""1136"", ""3333"", ""256"", ""128""]","3"
"9109","Unicode yığılmış mətn faylının tutumu 320 kbaytdır. Faylın hər səhifəsində 32 sətr olan kitabdan ibarətdir. Hər sətirdə 64 simvol var. Faylda kitabın neçə səhifəsi var?","[""80"", ""160"", ""128"", ""320"", ""640""]","0"
"9109","Unicode kodlaşdırma sistemində yığılmış Kosmonavt sözünün informasiya miqdarı nə qədərdi?","[""9 bayt"", ""18 bayt"", ""18 bit"", ""9 bit"", ""11 bit""]","1"
"9109","ASCİİ – də kodlaşdırılmış mətnin saxlanması üçün yaddaşda 1536 bit tələb olunur. Mətn neçə simvoldan ibarətdir?","[""192"", ""1532"", ""65536"", ""64"", ""128""]","0"
"9109","Onaltılıq say sistemində verilmiş AC yazılışı onluq say sistemində necə təsvir olunur?","[""112"", ""162"", ""172"", ""128"", ""4124""]","2"
"9109","İşləmə prinsipinə görə hesablama maşınları hansı siniflərə bölünür?","[""hibrid (HHM)"", ""analoq (AHM)"", ""rəqəm(RHM)"", ""analoq (AHM), rəqəm (RHM) və hibrid (HHM, EHM)"", ""heç biri""]","3"
"9109","Ölçülərinə və məhsuldarlığına görə kompüterin sinifləri…………","[""super kompüterlər, böyük kompüterlər, orta kompüterlər, mini kompüterlər, mikrokompüterlər"", ""super və mini kompüterlər"", ""böyük və orta kompüterlər"", ""mikrokompüterlər"", ""mini kompüterlər""]","0"
"9109","Aşağıdakılardan hansı informasiya daşıyıcısı deyil?","[""RAM"", ""sərt disk"", ""DVD"", ""CD"", ""maqnit disk""]","0"
"9109","İnsan üçün informasiyanın qeyri müəyyənlik həddi necə adlanır?","[""Entropiya"", ""Distopiya"", ""Kriptoqrafiya"", ""Kod"", ""İnterfeys""]","0"
"9109","İnformasiyanın hansı növləri vardır?","[""Tam və natamam."", ""Obyektiv və subyektiv."", ""Doğru və yalan."", ""Etibarlı və həqiqi."", ""Analoq və rəqəm""]","4"
"9109","Aşağıdakı verilən variantlardan düzgün olanını seçin.","[""1kbit=213 bit."", ""1kbit=1024 bit."", ""1kb=256 mb."", ""1kb=124bayt."", ""1kb=213 bayt.""]","1"
"9109","Verilənlərin ümumi halda xarakteristikası hansılardı?","["".Kəmiyyət, kefiyyət, tip və forma."", ""Çəki, qiymət, ölçü, növ."", ""Qiymət, uzunluq, ölçü və ad."", ""Ad, qiymət, tip və struktura"", ""Tip, uzunluq, çəki və növ.""]","3"
"9109","Aşağıda verilənlərdən hansılar informasiyanın xassələrinə aid deyil?","[""Obyektivlik və izafilik."", ""Dolğunluğu və etibarlığı."", ""Adekvatlıq və aydınlıq."", ""İdarəlik və sadəlik."", ""Mürəkkəblilik və modelləşdirmə.""]","4"
"9109","Aşağıdakılardan hansı informatikanın elmi tərifinə uyğundur?","[""İnformasiyanın yaradılması və axtarışı haqqında elmdir."", ""İnformasiya texnologiyaları haqqında elmdir."", ""İnformasiya metodları, vasitələri və texnologiyaları haqqında elmdir."", ""İnformasiyanın emalı, ğörülməsi və saxlanılması haqqında elmdir."", ""İnformasiyanın axtarışı, mühafizəsi haqqında elmdir.""]","2"
"9109","İnformasiyanın aktuallığı nədir?","[""İnformasiyanın cari vaxtda uyğunluq dərəcəsidir."", ""Obyekt və ya hadisə barəsində informasiyanın kefiyyətini təyin edir."", ""İnformasiyanın axtarış və istifadə interfeysidir."", ""Baxılan sistemə məntiqi cəhətdən bağlayan, qapayan informasiya metodudur."", ""İnformasiyanın təhrif edilməmiş xarakteristikasıdır.""]","0"
"9109","İnformasiyanın ən kiçik ölçü vahidi hansıdır?","[""Bit."", ""Sektor."", ""Bayt."", ""Kbayt."", ""Bod.""]","0"
"9109","Bir kbayt neçə bitdir?","[""23 bit."", ""8192 bit."", ""1226 bit."", ""1028 bit."", ""213 bit.""]","1"
"9109","Prosessor informasiyanı hansı formada emal edir.","[""4-lük kodda"", ""2-lik kodda"", ""8-lik kodda"", ""16-lıq kodda"", ""10-luq kodda""]","1"
"9109","Microsoft firması kim tərəfindən və neçənci ildə yaradılıb?","["".1995-ci il Bill Qeyts"", ""1981-ci il Bill Qeyts."", ""1985-ci il Pol Alen və C.F. Neyman"", ""1975-ci il Bill Qeyts və Pol Alen"", ""1975ci il C.F. Neyman""]","3"
"9109","İlk sadə hesablama maşını neçənci ildə və kim tərəfindən yaradılıb?","[""1623-cü ildə Vilhelm Şikkard tərəfindən."", ""1623-cü ildə Blez Pascal tərəfindən."", ""1946-cı ildə P.L.Çebişov tərəfindən."", ""1912-ci ildə A.N.krılov tərəfindən"", ""1939-cu ildə C.F.Neyman tərəfindən.""]","0"
"9109","III nəsl kompyuterlərin əsasını hansı marka təşkil edir?","[""Ural"", ""ENİAK"", ""Minsk-2"", ""IBM 360 və 370"", ""Heç biri""]","3"
"9109","Müasir kompyuterlərin arxitekturasını kim təklif etmişdir?","[""Corc Bul"", ""Con Fon Neyman"", ""Ada Lavleys"", ""Norbeil Viner"", ""Vilhelm Leybnis""]","1"
"9109","14,8 ədədini sürüşkən formada təsvir edin.","[""14.8=14.8*100=1.48*10=0.148*102"", ""14.8=1.48*100=14.8*101=0.148*102"", ""14.8=14.8*100=14.8*101=0.1248*101"", ""14.8=14.8*101=14.8*100=0.148*102"", ""14.8=14.8*10""]","0"
"9109","Ötürmə zamanı informasiya hansı formadan hansı formaya çevrilir?","[""Yalnız rəqəm formasında qalır."", ""Siqnal formasından əsas formaya"", ""Rəqəm formasından simvol formasına."", ""Analoq formasından diskret formaya."", ""Heç biri.""]","3"
"9109","BİS(böyül inteqral sxemlər) istifadə edilir:","[""İV nəsl kompyuterlərdə."", ""İ nəsl kompyuterlərdə."", ""İİ nəsl kompyuterlərdə."", ""V nəsl kompyuterlərdə."", ""İİİ nəsl kompyuterlərdə.""]","4"
"9109","İnformasiyalar formasına görə aşağıdakı növlərə bölünür:","[""Rəqəm, simvol-rəqəm, səs, qrafiki."", ""Rəqəm, simvol-rəqəm, məntiqi."", ""Rəqəm, qrafiki, məntiqi."", ""Simvol-rəqəm, qrafiki, məntiqi"", ""heç biri.""]","0"
"9109","..... ildən sonra fərdi kompyuterlərin kütləvi istehsalına başlanılmışdır.","[""1970"", ""1981"", ""1960"", ""1956"", ""1975""]","1"
"9109","1 Bit dəyişən hansı qiymətləri ala bilər?","[""(-1) və ya 1"", ""Yalnız 0"", ""Yalnız 1"", ""Yalnız 0 və ya 1."", ""Yalnız( -1)""]","3"
"9109","Hansı söz kompyuter sözünü əvəz edir?","[""Hesablama maşını."", ""Alqoritm."", ""Modulyator."", ""Prosessor"", ""Sistem blok""]","0"
"9109","1mb= ? kb","[""512"", ""256"", ""1024"", ""2048"", ""1000""]","2"
"9109","Aşağıdakı yazılardan hansı doğrudur?","[""8Gb+900 mb+ 2048 kb=8902 mb"", ""20 kb+ 512 kb+= 2508bayt"", ""35 mb+ 5120 kb= 40 Gb"", ""2048 kb+2048 mb+1024 kb=2051 mb"", ""1024 bayt + 35 mb=36 mb""]","3"
"9109","Aşağıdakı variantların hansında skanerin funksiyası düzgün verilmişdir?","[""Proqram yazmaq üçündür."", ""kompyuterdə olan informasiyanı çap edir."", ""Verilmiş informasiyanı yadda saxlayır."", ""Daimi yaddaş qurğusudur."", ""Kağız üzərində verilmiş informasiyanı kompyuterə daxil edir.""]","4"
"9109","Sistem blokun tərkib hissələri hansılardır?","[""Vinçestr, keş yaddaş, BİOS, klaviatura"", ""Monitor,ana plata, video kart."", ""Ana plata, vinçestr, printer."", ""Prosessor, plotter, skaner."", ""Ana plata, video kart, skaner.""]","0"
"9109","Kompüteri yenidən yükləmək üçün hansı əmrdən istifadə edilir?","[""Restart (Пeрeзaгрузкa)"", ""Shut Down (Bыключeниe)"", ""Hybernate (Cпящий рeжим)"", ""Switch Users (Cмeнa пользоbaтeля)"", ""Log Off (Bыход из cиcтeмы""]","0"
"9109","Kompüterdə mübadilə olunan informasiya nədir?","[""Xəbərdir"", ""Verilənlərdir"", ""məlumatdır"", ""Anlayışdır"", ""Sözdür""]","1"
"9109","Mənbədən çıxan informasiya üzərində ilk olaraq hansı əməliyyat aparılır?","[""dəqiqləşdirilir"", ""kod açılır"", ""kodlaşdırılır"", ""yadda saxlanılır"", ""rabitə kanalına göndərilir""]","2"
"9109","Qəbuledicidən əvvəl informasiya üzərində hansı əməliyyat aparılır?","[""kod açılır"", ""kodlaşdırılır"", ""dəqiqləşdirilir"", ""yadda saxlanılır"", ""rabitə kanalına gondərilir""]","0"
"9109","”Riyaziyyat-informatika” sözlərində neçə bit vardır (ASCİİ-kodlarla)?","[""256"", ""156"", ""176"", ""64"", ""184""]","2"
"9109","Translyatorların hansı növləri var? 1. Assembler, 2. Kompilyator 3. Konstruktor 4. İnterpretator 5. Drayver","[""2,4"", ""1,3,5"", ""5,3"", ""1,2,4"", ""4,5""]","0"
"9109","BIOS nədir?","[""Sistem diski"", ""MS-DOS-un əsas faylı"", ""Baza giriş-çıxış sistemi"", ""Əməli yaddaş qurğusu"", ""Daimi yaddaş qurğusu""]","2"
"9109","Səkkizlik say sisteminin əsası neçədir?","[""16"", ""9"", ""10"", ""7"", ""8""]","4"
"9109","Klaviaturada neçə funksional düymə var?","[""16"", ""13"", ""15"", ""12"", ""9""]","3"
"9109","Funksional baxımdan yaddaş hansı hissələrə bölünür?","[""daxili, xarici"", ""əsas, daimi"", ""əməli, daimi"", ""daimi, xarici"", ""əsas, əlavə""]","0"
"9109","40960 bit neçə Kbaytdır?","[""12"", ""8"", ""32"", ""5"", ""4""]","3"
"9109","5 səhifəlik məlumat yaddaşda 8775 bayt yer tutur. Hər səhifədə 15 sətir olarsa, bir sətirdə neçə simvol yerləşir?","[""200"", ""117"", ""25"", ""1755"", ""11""]","1"
"9109","Tətbiqi proqramlara aid deyil.","[""Əməliyyat sistemləri"", ""Mətn redaktorları"", ""Prezentasiya proqramları"", ""Qrafik redaktorlar"", ""Animasiya proqramları""]","0"
"9109","“Alqoritm” termini kimin adı ilə bağıdır?","[""Bill Qeytsin (Bill Gates)"", ""Blez Paskalın"", ""Torriçellinin"", ""Məhəmməd ibn Musa əl-Xarəzminin"", ""Heç biri""]","3"
"9109","Aşağıda göstərilənlərdən biri informasiyanın saxlanması üçün qurğu və ya vasitə deyil:","[""DVD disk"", ""Kitab"", ""Fləş kart"", ""HDD"", ""Monitor""]","4"
"9109","İnformasiyanın xassələrinə aid olmayan hansıdır?","[""Aydınlıq"", ""Aktuallıq"", ""Analoqluq"", ""Faydalılıq"", ""Obyektivlik""]","2"
"9109","Alqoritmin növlərindən biri səhv göstərilib:","[""Dövri alqoritmlər"", ""Budaqlanan alqoritmlər"", ""Xətti alqoritmlər"", ""Nəticəli alqoritm"", ""Heç biri""]","3"
"9109","Translyatorun vəzifəsi nədir?","[""Periferiya"", ""Kompüterin əsas xüsusiyyətlərinə nəzarət etmək"", ""Proqramların yerinə yetirilməsi proseslərini idarə etmək"", ""Əməli yaddaş ilə mikroprosessor arasında informasiya mübadiləsini yüksəltmək"", ""Proqramlaşdırma dilində yazılan proqramı maşın dilinə çevirmək""]","4"
"9109","Icra olunan fayllarının tipi hansıdır?","[""DOC"", ""TXT"", ""EXE"", ""SYS"", ""COM""]","2"
"9109","Word mətn fayllarının tipi hansıdır?","[""EXE"", ""DOC"", ""COM"", ""XLS"", ""SYS""]","1"
"9109","İlk sadə mexaniki hesablama maşını kim tərəfindən hazırlanıb?","[""Vilhelm Şikkard"", ""Blez Paskal"", ""Vilhelm Leybnis"", ""Çarlz Bebbicə"", ""Con fon Neyman""]","0"
"9109","Müasir kompüterlər hansı alimin prinsipləri əsasında qurulmuşdur?","[""Ç. Bebbic"", ""Vilhelm Leybins"", ""Alan Tyurinq"", ""Blez Paskal"", ""Con Fon Neyman""]","4"
"9109","Hesablama maşını üçün ilk proqramı kim yazmışdır?","[""Pol Allen"", ""Ç.Bebbic"", ""Hovard Ayken"", ""Ada Lavleys"", ""K.Şennon""]","3"
"9109","Fayl nədir?","[""Fayl iyerarxik struktura malik məlumatlar toplusudur"", ""Fayl əməli yaddaşın adlandırılmış hissəsidir."", ""Fayl diskin adlandırılmış hissəsidir."", ""Fayl sərt diskin adlandırılmış hissəsidir."", ""Fayl daşınan yaddaşın adlandırılmış hissəsidir.""]","2"
"9109","Alqoritmin bir məsələ üçün deyil, eyni tipli məsələlər sinfi üçün yazılması hansı xassədən irəli gəlir?","[""kütləvilik"", ""müəyyənlik"", ""etibarlılıq"", ""diskretlik"", ""xəttilik""]","0"
"9109","Alqoritmin təsviri zamanı məntiqi blok hansı fiqurla ifadə olunur?","[""paraleloqram"", ""romb"", ""düzbucaqlı"", ""dairə"", ""altıbucaqlı""]","1"
"9109","Yazıldığı ardıcıllıqla yerinə yetirilən mərhələlər ardıcıllığından ibarət alqoritm hansıdır?","[""budaqlanan"", ""xətti"", ""dövri"", ""diskret"", ""kütləvi""]","1"
"9109","Alqoritmin təsvir üsulları hansılardır?","[""alqoritmik dillə"", ""yalnız sözlə"", ""yalnız qrafiki formada təsvir olunur"", ""yalnız blok – sxemlə təsvir olunur"", ""sözlə, blok-sxemlə, alqoritmik dillə""]","4"
"9109","Aşağıda göstərilənlərdən biri əməliyyat sistemi deyil?","[""UNİX"", ""MS DOS"", ""ANDROİD"", ""İOS"", ""dr Web""]","4"
"9109","Aşağıda göstərilənlərdən biri proqramlaşdırma dillərinə aid deyil:","[""Basic"", ""Perl"", ""Paskal"", ""Delphi"", ""OS/2""]","4"
"9109","""Num lock"" klavişinin rolu nədir","[""Rəqəm klaviaturasını aktivləşdirir"", ""Yazıda boş ara verir"", ""Son əməliyyatın nəticəsini ləğv edir"", ""Böyük hərflərlə yazma rejiminə keçirir"", ""funksional düymələrə keçidi təmin edir""]","0"
"9109","Takt tezliyi nəyə deyilir?","[""BİOS-un sürətinə."", ""Prosessorun sürətinə."", ""Daimi yaddaşın tutumuna."", ""Əməli yaddaşın tutumuna."", ""monitorun görüntü effektinə.""]","1"
"9109","Aşağıdakılardan hansı periferiya qurğusudur?","[""Prosessor"", ""BİOS"", ""Printer"", ""Klaviatura"", ""Modem""]","2"
"9109","Prosessor informasiyanı hansı formada emal edir?","[""Heç bir kodda."", ""2-lik kodda."", ""16-lıq kodda."", ""8-lik kodda."", ""10-luq kodda.""]","1"
"9109","İkinci nəsil kompüterlərin element bazasını təşkil edirdi:","[""Tranzistorlar ."", ""Elektron lampalar ."", ""İnteqral sxemlər."", ""Relelər."", ""Böyük inteqral sxemlər.""]","0"
"9109","Üçüncü nəsil kompüterlərin element bazasını təşkil edirdi:","[""Relelər."", ""Elektron lampalar."", ""Tranzistorlar."", ""İnteqral sxemlər ."", ""Böyük inteqral sxemlər.""]","3"
"9109","216 bit neçə baytdır?","[""16"", ""28"", ""27"", ""32"", ""31""]","2"
"9109","Say sistemi -","[""Ədədlərin yazılması və oxunması üçün müəyyən qaydalar və üsullar toplusudr."", ""Əşyalarin sayılması nəticəsində alınan ədədlər ardıcıllığına deyilir"", ""Ədədlərin toplanmasının qayda və üsulları toplusuna deyilir."", ""Bölmə və vurma üsulundan ibarətdir."", ""Maşının icra edəcəyi hər bir kiçik əməliyyatın müəyyən əmrlərlə göstərilməsindən ibarətdir.""]","0"
"9109","85(10) ədədi 2-lik say sistemində necə yazılır?","[""1010001(2)"", ""1011101(2)"", ""1110101(2)"", ""1010111(2)"", ""1010101(2)""]","4"
"9109","2-lik say sistemində yazılmış aşağıdakı ədədlərdən hansı onluq say sistemindəki 43 ədədinə uyğun gəlir?","[""101010(2)"", ""110011(2)"", ""101001(2)"", ""110010(2)"", ""101011(2)""]","4"
"9109","Keş-yaddaş harada yerləşir?","[""Xarici yaddaşın daxilində"", ""Əməli yaddaşın daxilində"", ""CD və ya DVD disklərdə"", ""Prosessorun daxilində"", ""Sərt diskdə""]","3"
"9109","111011(2) ədədinin 10-luq say sistemində yazılışı necədir?","[""20(10)"", ""49(10)"", ""59(10)"", ""84(10)"", ""327(10)""]","2"
"9109","1000(2) ədədi onluq say sistemində necə təsvir olunur?","[""5"", ""6"", ""7"", ""8"", ""9""]","3"
"9109","161(10) ədədi ikilik say sistemində necə təsvir olunur?","[""1000101"", ""10100011"", ""10100001"", ""10010001"", ""101011101""]","2"
"9109","Aşağıdakı ikilik ədədlərdən hansı tək ədəddir?","[""1100010"", ""10111100"", ""1010101"", ""1011100"", ""1100011010""]","2"
"9109","14(10) ədədi ikilik say sistemində necə təsvir edilir?","[""1110(2)"", ""1101(2)"", ""11111(2)"", ""11100(2)"", ""10111(2)""]","0"
"9109","İnformatika nəyi öyrənir?","[""hesablama texnikasının köməyi ilə informasiya proseslərini və onların çevrilməsi üsul və metodlarını"", ""kommunikasiya texnologiyalarını ter vəonunla bağlı məsələləri;"", ""yeni informasiya çevrilməsi üsul və metodlarını er texnologiyalarını ;"", ""yeni yinformasiya texnologiyalarını"", ""yeni informasiya və kommunikasiya texnologiyalarını.""]","0"
"9109","ASCII NƏDİR?","[""Milli kodlar cədvəli"", ""Beynəlxalq kodlaşdırma sistemi"", ""Kodlar cədvəli"", ""Universal kod"", ""Milli COD""]","1"
"9109","İnformasiyanın təsvir formaları hansılardır?","[""yazılı və qrafik."", ""cədvəl və qrafik."", ""cədvəl və rəqəm idarəetmə kodları"", ""şifahi və qrafik."", ""şifahi və yazılı""]","4"
"9109","Bir bit nəyə bərabərdir?","[""1"", ""0"", ""1və 0"", ""0 və ya 1"", ""2""]","3"
"9109","Takt tezliyinin ölçü vahidi","[""Meqahers"", ""takt vahidi"", ""Vatt"", ""Takt siqnalı"", ""Kbayt""]","0"
"9109","Recycle Bin qovluğunu açmadan faylı silmək üçün hansı əmrdən istifadə edilməlidir ?","[""Edit Clear"", ""Empty Recycle Bin"", ""Shift Delete"", ""Create Shortcut"", ""Properties""]","1"
"9109","Refresh əmrinin klaviaturada hansı funksional klaviş vasitəsilə yerinə yetirmək olar ?","[""F12"", ""F8"", ""F5"", ""F11"", ""F4""]","2"
"9109","Hansı klavişlər kombinasiyası vasitəsilə WWW.com-un avtomatik yazmaq olar ?","[""CTRL+ALT+DELETE"", ""CTRL+SHİFT"", ""CTRL+ENTER"", ""ALT+SHİFT"", ""SHİFT+ENTER""]","2"
"9109","Diskin təmizlənməsi üçün istifadə olunan əmri müəyyənləşdirin :","[""Disk defraqmenter"", ""Disk clean up"", ""Free space"", ""Restore"", ""Format""]","1"
"9109","İnternetlə işləyərkən İnbox, Spam , new , send düymələrinin vəzifələri nədən ibarətdir ?","[""Gələnlər , arzu olunmayan məktublar , yeni məktub yazmaq , göndərmək"", ""Göndərilən məktublar , arzu olunmayan məktublar , silinmiş məktublar , poçtu yoxlamaq"", ""Poçtu yoxlamaq , göndərilən məktublar , arzu olunmayan məktublar , göndərmək"", ""Arzu olunmayan məktublar , böyük həcmli məktublar , yeni məktub yazmaq , göndərilməmiş məktublar"", ""Gələnlər , yeni ünvanın qeydiyyatdan keçməsi , göndərmək""]","0"
"9109","Msn messenger-dən istifadə etmək üçün hansı səhifədə qeydiyatdan keçmək lazımdır?","[""www.yahoo.com"", ""www.hotmail.com"", ""www.bing.com"", ""www.gmail.com"", ""mail.ru""]","1"
"9109","Əgər internet ünvanımız görüntüdən itərsə internet ünvanlarına hansı əmr vasitəsilə daxil ola bilərik?","[""Go to home page"", ""File-Open"", ""Tools"", ""Page"", ""Search""]","1"
"9109","History bölməsini klaviaturadan hansı klavişlər kombinasiyası vasitəsilə aça bilərik?","[""Winkey+H"", ""alt+H"", ""CTRL+ALT+H"", ""Ctrl+V"", ""Ctrl+H""]","4"
"9109","İnternetdən götürmək istədiyimiz hər hansı bir şəkli kompyiuterin yaddaşına necə yazmaq olar?","[""select ALL"", ""set as picture"", ""save picture as"", ""save as"", ""save""]","2"
"9109","İnternetdən məlumat yüklənən zaman yüklənmə linki verilməzsə məlumatı necə yükləmək olar?","[""save open link"", ""save target as"", ""save that link"", ""save picture as"", ""save""]","1"
"9109","İnternetə qoşulmadan ipg.gif formatlı şəkillər baxmaq üçün lazım olan rejim necə adlanır?","[""on line"", ""in line"", ""İmport and Export"", ""off-line"", ""belə əməliyyat mümkün deyil""]","3"
"9109","İnterneti açmaq üçün hansı qısa yol seçilir?","[""Winkey +I+Enter"", ""Import and Export"", ""Alt+Winkey+E"", ""Alt+I"", ""Internet Explorer""]","0"
"9109","Attacment-lə gələn sənədləri necə qəbul etmək olar?","[""upload"", ""load"", ""install"", ""downland"", ""Import and Export""]","3"
"9109","MS Word-də cüt və tək nömrəli səhifələrin başlıq və altlığının müxtəlif olması üçün hansı əmr aktiv edilməlidir?","[""different first page"", ""document properties"", ""header and footer"", ""different odd and even"", ""apple-ok""]","3"
"9109","MS Word-də mövzu başlıqlarının sənəd strukturunda əks olunması üçün hansı əmr tətbiq olunur?","[""Ctrl+Alt+1 klavişlər kombinasiyasının köməyilə"", ""Ctrl+Alt+F1 klavişlər kombinasiyasının köməyilə"", ""İnsert -autotext əmrinin köməyilə"", ""Header and Footer vasitəsilə"", ""Ctrl+Alt+İ klavişlər kombinasiyasının köməyilə""]","0"
"9109","Hər bir əməkdaş haqqında məlumat 2048 simvoldan ibarət sətirdə saxlanılır. 8192 əməkdaş haqqında məlumatı 1.2 Mbayt-lıq tutuma malik disketə yerləşdirmək üçün ən azı neçə disket tələb olunur.","[""14"", ""12"", ""10"", ""8"", ""16""]","0"
"9109","640 Kbayt həcmə malik faylda yerləşən kitabın səhifələrinin maksimal sayını tapın (hər bir səhifədə 32 sətir , hər bir sətirdə isə 64 simvol yerləşir. 1 simvol 8 bit yer tutur .) :","[""320"", ""640"", ""160"", ""540"", ""1280""]","0"
"9109","Kompyuter qrafikasının məqsədi nədir?","[""Diaqram və cədvəllər üzərində işləmək"", ""Mətndə qrafiklər yaratmaq"", ""Təsvirlərin yaradılması metodunu öyrənir"", ""Qrafiki alətlər üzərində işləmək üçündür"", ""İnternetdə işləmək üçündür""]","2"
"9109","Hansı qrafiki redaktora aid deyil ?","[""Rastr redaktorları"", ""Vektor redaktorları"", ""Cədvəl redaktorları"", ""3-D redaktorları"", ""Avtomatlaşdırılmış layihələndirmə sistemləri""]","2"
"9109","Qrafik redaktorun alətidir?","[""Xətt, çevrə, düzbucaqlı"", ""Seçmək, köçürmək, yapışdırmaq"", ""Karandaş, rəng, pozan"", ""Rənglər toplusu"", ""Xətt, pozan""]","2"
"9109","Yüksək keyfiyyətli təsvirlərin saxlanılmasında hansı formatdan istifadə olunur?","[""Tiff"", ""jpg"", ""BMP"", ""PNG"", ""GİF""]","0"
"9109","Təsvirləri hansı formatda saxladıqda sıxılma üsulundan istifadə olunmur? 1. Tiff 2.Jpeg 3.psd 4.bmp","[""1, 2"", ""2,3"", ""1,3"", ""2,3"", ""3,4""]","2"
"9109","İnternet üçün yaradılmış format hansıdır?","[""TİF"", ""JPEG"", ""BMP"", ""PSD"", ""GİF""]","4"
"9109","İlk internet axtarış motoru hansıdır?","[""Google"", ""Altavista"", ""Yandex"", ""Aliweb"", ""Yahoo""]","1"
"9109","MAC ünvanının uzunluğu nə qədərdir?","[""1 bit"", ""2 bayt"", ""3 bit"", ""6 bayt"", ""32 bayt""]","3"
"9109","İnformasiyanı ötürən beynəlxalq sistem hansıdır?","[""EBCDEC"", ""DNS"", ""ASCİİ"", ""UNİCODE"", ""OSİ""]","4"
"9109","255.255.0.0 maskası hansı sinifə aiddir?","[""A"", ""B"", ""C"", ""D"", ""E""]","1"
"9109","Abonentlər arasında rabitə üsullarını göstərin.","[""Paketlərin kommutasiyası"", ""Məlumatların kommutasiyası"", ""Kanalların, məlumatların və paketlərin kommutasiyası"", ""Məlumatların, kanalların və paketlərin kommutasiyası"", ""Kanalların və paketlərin kommutasiyası""]","2"
"9109","Tələbə kitab oxuyur. Tələbə....?","[""İnformasiya qəbuledicisidir"", ""İnformasiya ötürücüsüdür"", ""İnformasiya mübadiləsidir"", ""Rabitə kanalıdır"", ""Hamısı doğrudur""]","0"
"9109","UNİX əməliyyat sistemində tətbiq olunan kod sistemi hansıdır?","[""Bekon kodu"", ""Morze kodu"", ""KOİ-8R"", ""Unicode"", ""Windows-1251""]","2"
"9109","2 Kb+512 bayt=?","[""2952 bayt"", ""2560 bit"", ""2048 bayt"", ""2.5 Kbayt"", ""1960 bayt""]","3"
"9109","Power Point-də sənədi fərqli yadda saxlamaq üçün hansı funksional düymədən istifadə olunur?","[""F2"", ""F12"", ""F5"", ""F3"", ""F1""]","1"
"9109","Power Point-də yeni səhifə əlavə etmək üçün hansı düymələrdən istifadə edilir?","[""F5"", ""F12"", ""CTRL+N"", ""CTRL+M"", ""CTRL+L""]","2"
"9109","Power Point-də View menyusunda neçə görünüş rejimi var?","[""3"", ""4"", ""5"", ""6"", ""7""]","1"
"9109","Power Point-də slayddakı qramatik səhvləri yoxlamaq üçün hansı funksional düymədən istifadə edilir?","[""F2"", ""F12"", ""F5"", ""F7"", ""F1""]","3"
"9109","RAMDAC nədir?","[""Təsvirin ekrana çıxarılması üçün Rəqəm Analoq Çevricisi olan xüsusi mikrosxemdir"", ""Televiziya siqnallarını qəbul edir və monitora ötürür"", ""İnternetə videotəsvir çıxarır"", ""Səs platasıdır"", ""Oyun platasıdır""]","0"
"9109","PHP nədir ?","[""İnternet protokolu"", ""Şəxsi ev veb səhifəsi"", ""Veb proqramlaşdırma dili"", ""Verilənlər bazası"", ""İnternetin qoşulma forması""]","2"
"9109","İki eyni tipli faylı eyni adla kompyuterin yaddaşında saxlamaq olarmı?","[""Olmaz"", ""Olar, ünvanlar eyni olmalıdır"", ""Olar, ölçüləri müxtəlif olarsa"", ""Olar, ölçüləri eyni olarsa"", ""Olar, əgər ünvanlar ayrı olarsa""]","4"
"9109","Faylın adındakı ikinci hissə nəyi göstərir ?","[""Faylın adını"", ""Faylın tipini"", ""Faylın yolunu"", ""Faylın ölçüsünü"", ""Faylın ünvanını""]","1"
"9109","Menyu əmrlərinin adlarından sonra ox işarəsi nəyi göstərir ?","[""Menyu sətirlərini"", ""Dialoq rejimini"", ""Alt menyusu""]","2"
"9109","Haşiyə nədir?","[""Səhifənin üst və alt hissəindəki təkrarlanan informasiya"", ""Şriftin ölçüsü"", ""Sətirlərarası məsafə"", ""Sənədin əsas mətninin istinadı olan şərhdir"", ""Əsas mətndən xaricdə yerləşən və mətnin hər hansı sözünə və cümləsinə verilən izahatdır.""]","3"
"9109","Qeyd nədir?","[""Səhifənin üst və alt hissəindəki təkrarlanan informasiya"", ""Şriftin ölçüsü"", ""Sətirlərarası məsafə"", ""Sənədin əsas mətninin istinadı olan şərhdir"", ""Əsas mətndən xaricdə yerləşən və mətnin hər hansı sözünə və cümləsinə verilən izahatdır.""]","4"
"9109","Piksel...","[""Qrafik informasiyada ikilik koddur"", ""Komputerin yaddaşındakı bir simvoldur"", ""Monitorda təsvirin ən kiçik sahəsidir"", ""Təbii dildəki bir simvolun kodudur"", ""Komputerin yaddaşındakı bir simvolun ikilik kodudur""]","2"
"9109","AGP slotu (portu) nə üçündür?","[""Sərt disk üçün"", ""Əməli yaddaş üçün"", ""Videoplatanı qoşmaq üçün"", ""Modemi qoşmaq üçün"", ""Disk qurğularını qoşmaq üçün""]","1"
"9109","28800 bit/san sürətilə internetə qoşulan modem 1 saniyədə ən çox nə qədər informasiya yükləyər (ötürə) bilər?","[""3600 bayt"", ""57.6 Kbayt"", ""7200 bayt"", ""57600 bayt"", ""576 bayt""]","0"
"9109","SİMM,DİMM,RİMM nədir ?","[""daimi yaddaş"", ""əməli yaddaş"", ""keş yaddaşı"", ""şin"", ""port""]","1"
"9109","Müxtəlif platformalı komputerlər arasında proqramları işlətmək üçün ...lazımdır?","[""Şin"", ""Magistral xətt"", ""İnterfeys"", ""Emulyator"", ""Konnektor""]","3"
"9109","3 səhifəlik informasiya yaddaşda 36000 bit yer tutur. Birinci səhifə ikincidən 2 dəfə , üçüncüdən isə 3 dəfə az informasiya tutumuna malikdir.Hər səhifədə neçə bayt informasiya yerləşir?","[""6000,12000,18000"", ""750,1500,2250"", ""600,1200,1800"", ""75,150,225"", ""7500,15000,22500""]","1"
"9109","Komputerin köməyilə yığılmış vərəqdə 30 sətir və hər sətirdə 50 simvol vardır.Vərəq özündə nə qədər informasiya daşıyır?","[""12000 bit"", ""256 bit"", ""1500 bit"", ""15000 bayt"", ""16 kbit""]","0"
"9109","3 səhifəlik kitab yaddaşda 36000 bit informasiya saxlayır. Hər səhifədə 30 sətir olarsa,hər sətirdə neçə bit informasiya yerləşər?","[""400"", ""300"", ""1500"", ""50"", ""30""]","0"
"9109","Onluq say sistemində neçə rəqəm iştirak edir ?","[""10"", ""9"", ""0 və 1"", ""12"", ""100""]","0"
"9109","Onluq say sistemində olan 345 onaltılıq say sistemində neçə olar?","[""345"", ""F9"", ""124"", ""159"", ""219""]","3"
"9109","B2:E7 diapazonunda neçə xana mövcuddur?","[""24"", ""20"", ""30"", ""22"", ""18""]","0"
"9109","10-luq say sistemindəki 66 ədədi 2-lik , 8-lik və 16-lıq say sistemində nəyə bərabər olar?","[""1110001(2), 102(8), 24(16)"", ""1000010(2), 102(8), 42(16)"", ""1010101(2), 120(8), 4A(16)"", ""1100110(2), 210(8), 2A(16)"", ""1110010(2), 213(8), 12(16)""]","1"
"9109","Onluq say sistemində verilmiş 93 ədədi onaltılıq say sistemində necə təsvir olunur?","[""4D"", ""5F"", ""513"", ""5D"", ""5C""]","3"
"9109","Nisbi ünvanı mütləq ünvana və ya mütləq ünvanı nisbi ünvana çevirmək üçün klaviaturadan hansı düymə sıxılmalıdır?","[""F4"", ""F1"", ""CTRL+F1"", ""F3"", ""CTRL+F3""]","0"
"9109","Hesablayın: 65(10)=?(16)","[""42"", ""32"", ""41"", ""31"", ""14""]","2"
"9109","10101010(2) ikilik ədədin yaddaşda tutduğu yeri hesablayın.","[""8bayt"", ""16bit"", ""1bayt"", ""11bit"", ""9bit""]","2"
"9109","İkilik say sistemində hər bir simvol yaddaşda nə qədər yer tutur ?","[""1bayt"", ""16bit"", ""2bayt"", ""1bit"", ""8bit""]","3"
"9109","1101011 ikilik ədəd üçün yaddaşda nə qədər yer ayrılır?","[""7 bayt"", ""1 bayt"", ""12 bayt"", ""7 bit"", ""8 bit""]","3"
"9109","Aşağıdakı ikilik ədədlərdən hansı kompüterin yaddaşın- da 2 bayt yer tutur?","[""10110101"", ""111111110011"", ""101101011110111"", ""1011010101111100"", ""10101001001""]","3"
"9109","Səkkizlik say sistemində hər bir simvol yaddaşda nə qədər yer tutur ?","[""8bayt"", ""3bit"", ""24bayt"", ""2bit"", ""8bit""]","1"
"9109","Onaltılıq say sistemində hər bir simvol yaddaşda nə qədər yer tutur ?","[""4bayt"", ""16bit"", ""16bayt"", ""1bit"", ""4bit""]","4"
"9109","ABCD(16) ədədi üçün yaddaşda nə qədər sahə ayrılar?","[""4 bit"", ""4 bayt"", ""2 bit"", ""3 bit"", ""2bayt""]","4"
"9109","1616(16) onaltılıq ədəd, yaddaşda neçə bit yer tutar ?","[""16"", ""4"", ""3"", ""64"", ""8""]","0"
"9109","Aşağıda verilmiş MS Excel funksiyalarından biri məntiqi funksiya deyil?","[""NOT"", ""AND"", ""LEN"", ""İFF"", ""OR""]","2"
"9109","MS Powerpoint 2010 proqramında təqdimata baxış rejimlərini hansı lent tabından dəyişdirmək olar?","[""Design"", ""View"", ""Home"", ""Slide Show"", ""Review""]","1"
"9109","16-lıq say sisteminin ən böyük ikirəqəmli ədədini 8-lik say sistemində ifadə edin.","[""377"", ""FF"", ""BB"", ""1515"", ""1111""]","0"
"9109","16-lıq say sistemində verilmiş 1AC(16) ədədini onluq say sisteminə çevirin.","[""687(10)"", ""428(10)"", ""688(10)"", ""424(10)"", ""427(10)""]","1"
"9109","10B(16) ədədini onluq say sisteminə çevirin.","[""562(10)"", ""914(10)"", ""428(10)"", ""837(10)"", ""267(10)""]","4"
"9109","İkilik say sistemində verilmiş 1011000(2) ədədini 16-lıq sistemə çevirin.","[""58(16)"", ""48(16)"", ""38(16)"", ""30(16)"", ""130(16)""]","0"
"9109","OSI modelinin 7 səviyyəsi mövcuddur. Aşağıda verilənlərdən hansı OSİ modelinin səviyyəsi deyil?","[""Fiziki səviyyə"", ""Seans səviyyəsi"", ""Nəqliyyat səviyyəsi"", ""Çatdırılma səviyyəsi"", ""Tətbiq səviyyəsi""]","3"
"9109","16-lıq say sistemində verilmiş DB(16) ədədi 10-luq say sistemində nəyə bərabərdir?","[""219(10)"", ""250(10)"", ""220(10)"", ""260(10)"", ""119(10)""]","0"
"9109","Onluq say sistemindəki ən böyük üçrəqəmli ədəd 8-lik say sistemində nəyə bərabərdir?","[""1457(8)"", ""1747(8)"", ""1621(8)"", ""1474(8)"", ""2741(8)""]","1"
"9109","16-lıq say sistemində verilmiş 32C(16) ədədi 8-lik say sistemində nəyə bərabərdir?","[""1448(8)"", ""454(8)"", ""1455(8)"", ""1144(8)"", ""1454(8)""]","4"
"9109","8-lik say sistemində verilmiş 116 ədədi ikilik say sistemində nəyə bərabərdir?","[""1001110"", ""11001011"", ""1001111"", ""11100110"", ""1011110""]","0"
"9109","İkilik say sistemində verilmiş 1110101001(2) ədədi 8-lik say sistemində nəyə bərabərdir?","[""1651(8)"", ""1544(8)"", ""1650(8)"", ""1649(8)"", ""1545(8)""]","0"
"9109","Aşağıdakı yazılışlardan hansı doğru deyil?","[""794A(16)"", ""1100101(2)"", ""145(10)"", ""521(4)"", ""319(10)""]","3"
"9109","16-lıq say sistemində verilmiş 32C(16) ədədi 8-lik say sistemində nəyə bərabərdir?","[""1448(8)"", ""454(8)"", ""1455(8)"", ""1144(8)"", ""1454(8)""]","4"
"9109","8-lik say sistemində verilmiş 116(8) ədədi ikilik say sistemində nəyə bərabərdir?","[""1001110"", ""11001011"", ""1001111"", ""11100110"", ""1011110""]","0"
"9109","İkilik say sistemində verilmiş 1110101001(2) ədədi 8-lik say sistemində nəyə bərabərdir?","[""1651"", ""1544"", ""1650"", ""1649"", ""1545""]","0"
"9109","Aşağıdakı yazılışlardan hansı doğru deyil?","[""794A(16)"", ""1100101(2)"", ""145(10)"", ""521(4)"", ""319(10)""]","3"
"9109","1011(2) ədədinin 8-lik say sistemində yazılışı necədir?","[""13(8)"", ""32(8)"", ""17(8)"", ""73(8)"", ""7(8)""]","0"
"9109","155(8) ədədinin 16-lıq say sistemində yazılışı necədir?","[""53(16)"", ""F2(16)"", ""7B(16)"", ""6D(16)"", ""CA(16)""]","3"
"9109","86(10) ədədinin 16-lıq say sistemində yazılışı necədir?","[""57"", ""55"", ""56"", ""46"", ""44""]","2"
"9109","16-lıq say sistemində verilmiş 12F ədədini onluq say sisteminə çevirin.","[""197(10)"", ""303(10)"", ""198(10)"", ""313(10)"", ""312(10)""]","1"
"9109","13(10)=?(16)","[""13"", ""B"", ""11"", ""D"", ""E""]","0"
"9109","Onluq say sistemində verilmiş 810 rəqəmini ikilik, səkkizlik və onaltılıq say sistemlərinə çevirin.","[""1000 , 10 , 6"", ""1000 , 10 , 8"", ""1000 , 8 , 8"", ""100 , 10 , 6"", ""1001 , 10 ,8""]","2"
"9109","FF(16) =?(2) , ?(8) , ?(10)","[""11111111 , 377 , 255"", ""11011111 , 367 , 256"", ""11110111 , 357, 235"", ""11011111 , 337 , 225"", ""11110111 , 373 , 254""]","0"
"9109","Monitorun keyfiyyət göstərici (ayırdetmə dəqiqliyi) aşağıdakılardan hansı ilə müəyyən edilir?","[""PPI"", ""DPI"", ""PPM"", ""LPİ"", ""LLM""]","0"
"9109","Səkkizlik say sistemində verilmiş 11 ədədi 2-lik say sistemində necə ifadə olunar?","[""80"", ""1000"", ""1001"", ""100"", ""88""]","2"
"9109","191(10) -i 8-lik say sisteminə, 35 onluq ədədini ikilik say sisteminə çevirdikdə neçə alınar?","[""157, 10011"", ""270, 100011"", ""277, 100011"", ""276, 110001"", ""277, 100101""]","0"
"9109","Mətni çərçivəyə almaq üçün hansı əmr seçilir?","[""Format → Paragraph → ok"", ""Format → Borders and shading → ok"", ""Format → Font → ok"", ""Format → Columns → ok""]","1"
"9109","Sistem proqramlarına daxil deyil:","[""Əməliyyatlar sistemləri"", ""Örtük proqramları"", ""Antivirus proqramları"", ""Tətbiqi proqramlar"", ""Arxiv proqramları""]","3"
"9109","Sənədi adına görə axtarır?","[""File search"", ""Open"", ""Send to"", ""Go to"", ""Replace""]","0"
"9109","Ms Excel-də işçi səhifələrin artımı nəyin həcmindən aslıdır?","[""CPU"", ""RAM"", ""HDD"", ""CD"", ""Bufer yaddaş""]","1"
"9109","Obyektin yerini dəyişmək üçün hansı əmrlər cütündən istifadə olunur?","[""save, cut"", ""copy, paste"", ""copy, cut"", ""cut, paste"", ""print paste""]","3"
"9109","İnformasiyanın xassəsi deyil:","[""Etibarlılıq"", ""Tamlıq"", ""Həqiqilik"", ""Əhəmiyyətlilik"", ""Diskretlik""]","4"
"9109","Hansı tətbiqi proqram Microsoft şirkətinə məxsus deyil?","[""Excel"", ""Power point"", ""Word"", ""Photoshop"", ""Access""]","3"
"9109","İnformasiyanı vizual əks elətdirən qurğu necə adlanır?","[""Sistem blok"", ""Coystik"", ""Monitor"", ""Modem"", ""Skayner""]","2"
"9109","1 Meqabayt=?","[""100 bayt"", ""1024 kilobayt"", ""1024 qiqabayt"", ""2340 bit"", ""1024 bayt""]","1"
"9109","Hesablama texnikasının proqram təminatı necə adlanır?","[""Software"", ""Hardware"", ""Brainware"", ""Ainware"", ""Roftware""]","0"
"9109","Hesablamaları və məlumatın emalını yerinə yetirən qurğu necə adlanır?","[""Əməli yaddaş"", ""Xarici yaddaş"", ""Prosessor"", ""CD-ROM"", ""Router""]","2"
"9109","İnformasiyanın ölçü vahidlərinin düzgün artma ardıcıllığını göstərin:","[""Bayt, kilobayt, meqabayt, qiqabayt"", ""Bit, bayt, qiqabayt, kilobayt"", ""Kilobayt, qiqabayt, meqabayt, bayt"", ""Bayt, meqabayt, kilobayt, qiqabayt"", ""Bit, kilobayt, qiqabayt, meqabayt""]","0"
"9109","Microsoft firması nə vaxt və kimlər tərəfindən yaradılmışdır?","[""1995-ci ildə Niklaus Virt və Alen Türinq tərəfindən yaradılmışdır"", ""1975-ci ildə Vilhelm Leybnis və Bil Qeyts tərəfindən yaradılmışdır"", ""1986-cı ildə Pol Alen və Lütfi- Zadə tərəfindən yaradılmışdır"", ""1976-cı ildə Qovarda Aykena və Blez Paskal tərəfindən yaradılmışdır"", ""1975-ci ildə Pol Alen və Bill Qeyts tərəfindən yaradılmışdır""]","4"
"9109","Daimi yaddaş adlanır?","[""RAM"", ""REM"", ""RİM"", ""ROM"", ""EPROM""]","3"
"9109","Faylları arxivləşdirmə proqramı hansıdır?","[""Norton"", ""Polyglot"", ""WinRar"", ""Equation"", ""Matlab""]","2"
"9109","Hansı qlobal şəbəkəni göstərir?","[""WAN"", ""LAN"", ""MAN"", ""VLAN"", ""GILAN""]","0"
"9109","Çıxış qurğularına hansıları aiddir?","[""Monitor, klaviatura, printer, maus"", ""Klaviatura, mikroprosessor, monitor, skaner"", ""Printer, monitor, plotter, səsgücləndirici"", ""Skaner, maus, mikrofon, monitor"", ""Mikrofon, klaviatura, maus, skaner""]","2"
"9109","Hansı genişlənməyə malik fayllar icra olunan hesab edilirlər?","["".ovl"", "".zip"", "".exe"", "".rar"", "".jpg""]","2"
"9109","Alqoritmin hansı növləri var? 1) Xətti 2) Budaqlanan 3) Dövri 4) Kvadratik 5) Şəbəkə","[""1,4,5;"", ""2,3,4 ;"", ""3,4,5;"", ""1,2,3;"", ""2,4,5.""]","3"
"9109","Aşağıdakılardan hansı əməliyyat sistemi deyil?","[""Ms Excel"", ""Ms DOS"", ""Windows XP"", ""UNİX"", ""Linux""]","0"
"9109","Cari fayl nədir?","[""Sərt diskdəki fayldır"", ""Disk qurğusunda yerləşdirilən disketdəki fayldır"", ""Kompakt diskdəki fayldır"", ""İstifadəçinin zamanın hal-hazırkı anında isifadə etdiyi fayldır"", ""Musiqi faylıdır""]","3"
"9109","Əməliyyat sistemi nədir?","[""Tətbiqi proqram"", ""Antivirus"", ""Drayver"", ""Sistem proqramlar kompleksi"", ""Proqramlaşdırma sistemi""]","3"
"9109","Fərdi kompyuterlərin kütləvi istehsalı hansı dövrdən başlamışdır?","[""50-ci illərdən"", ""70-ci illərdən"", ""60-cı illərdən"", ""90-cı illərdən"", ""80-ci illərdən""]","4"
"9109","Kompyuter söndürülərkən informasiya haradan silinir?","[""Əməli yaddaşdan"", ""Prosessordan"", ""Daimi yaddaşdan"", ""Disketdən"", ""Maqnit diskdən""]","0"
"9109","İlk elektron rəqəm hesablama maşını necə adlanırdı?","[""BESM"", ""EDİAC"", ""ENİAC"", ""EDSAC"", ""MİNSK 14""]","2"
"9109","İnformatika hansı sözlərdən yaranmışdır?","[""İnformasiya və avtomaşın"", ""İnformasiya və avtomatika"", ""İnfuzor və artika"", ""İnformatik və avtomatika"", ""İnformasiya və aviasiya""]","1"
"9109","Ekrandakı hər bir nöqtə nə adlanır?","[""Bit"", ""Bayt"", ""Piksel"", ""Heç nə"", ""Hərf""]","2"
"9109","Əməliyyat sistemi ilə periferiya qurğuları arasında əlaqə yaradan proqram necə adlanır?","[""Klaviatura"", ""Monitor"", ""Drayver"", ""Maus"", ""Skaner""]","2"
"9109","İnformasiya ölçü vahidləri hansılardır?","[""kl, amper, kg, metr"", ""bayt, KB, MB, GB, TB"", ""vatt, kilovatt, volt, kulon"", ""dina, nyuton, kulon, tesla"", ""coul, paskal, amper, sm""]","1"
"9109","1673-cü ildə hansı alim hesab əməllərini yerinə yetirən mexaniki arifmometr yaratmışdır?","[""Blez Paskal"", ""Çarlz Bebic"", ""Vilhelm Leybnis"", ""Con Fon Neyman"", ""A.Turinq""]","2"
"9109","EHM-lər (elektron hesablama maşınları) nəyə görə nəsillərə bölünür?","[""yaddaş tutumuna görə"", ""asinxron dəyişilə bilən qurğulardan istifadəyə görə"", ""element bazalarına görə"", ""hesablama sürətinə görə"", ""qiymətlərinə görə""]","2"
"9109","Müasir kompüterlərin iş prinsipi ilk dəfə kim tərəfindən verilmişdir?","[""Hodvard Eyken"", ""Qotfrid Leybins"", ""Sergey Lebedov"", ""Bill Qeyts"", ""Con Fon Neyman""]","4"
"9109","İlk universal kompüter necə adlanırdı?","[""Dell"", ""ENİAC"", ""BESM"", ""IBM PC"", ""Minsk""]","1"
"9109","Birinci nəsil EHM-lərin element bazası nə olmuşdur?","[""dişli çarx"", ""elektron lampa"", ""diod"", ""mikrosxem"", ""böyük inteqral sxemlər""]","1"
"9109","İkinci nəsil EHM-lərin element bazası nə olmuşdur?","[""mikrosxem"", ""elektron lampa"", ""yarımkeçiricilər"", ""BİS"", ""ÇBİS""]","2"
"9109","Üçüncü nəsil EHM-lərin element bazası nə olmuşdur?","[""inteqral sxem"", ""elektron lampa"", ""yarımkeçiricilər"", ""BİS və ÇBİS"", ""tranzistor""]","0"
"9109","Dördüncü nəsil EHM-lərin element bazası nə olmuşdur?","[""inteqral sxem"", ""elektron lampa"", ""yarımkeçiricilər"", ""BİS və ÇBİS"", ""mikroelektronika""]","3"
"9109","İlk dəfə xarici yaddaş kimi maqnit lentdən istifadə EHM- lərin neçənci nəslində olmuşdur?","[""V"", ""II"", ""IV"", ""I"", ""III""]","1"
"9109","III nəsil kompüterlərin meydana çıxması nə ilə bağlıdır?","[""Elektron lampalardan tranzistorlara keçidlə"", ""Tranzistorlardan inteqral sxemlərə keçidlə"", ""İnteqral sxemlərdən mikroprossesorlara keçidlə"", ""Tranzistorlardan böyük inteqral sxemlərə keçidlə"", ""Monitorun əmələ gəlməsi ilə""]","1"
"9109","Fərdi kompüterlər EHM-lərin neçənci nəslində yarandı?","[""V"", ""II"", ""IV"", ""I"", ""III""]","2"
"9109","Alqoritmik dillərdən ilk dəfə EHM-lərin neçənci nəslində istifadə olundu ?","[""V"", ""II"", ""IV"", ""I"", ""III""]","1"
"9109","İlk əməliyyat sistemi EHM-lərin neçənci nəslində yarandı ?","[""V"", ""II"", ""IV"", ""I"", ""III""]","4"
"9109","Neyman arixtekturalı kompüterin mərkəzi hissəsinə aid olmayanı seçin:","[""Əməli yaddaş"", ""Xarici yaddaş qurğusu"", ""Daimi yaddaş"", ""Hesab-məntiq qurğusu"", ""İdaretmə qurğusu""]","1"
"9109","Kompüterin periferiya hissəsi hansı qurğulardan ibarətdir? 1. Daxiletmə-xaricetmə qurğusu 2. Daxili yaddaş qurğusu 3. Xarici yaddaş qurğusu 4. Sistem interfeysi 5. İdarə pultu 6. Mikroprosessor","[""1.2.6"", ""2.4.5"", ""2.6"", ""1.3"", ""4.5""]","3"
"9109","Asinxron dəyişilə bilən qurğulardan EHM-lərin neçənci nəslində istifadəyə başlanıldı?","[""V"", ""II"", ""IV"", ""I"", ""III""]","4"
"9109","EHM-ləri element bazasına görə ardıcıllıqla sıralayın: 1. İnteqral sxem 2. Böyük inteqral sxemli 3. Elektron lampalı 4. Yarımkeçiricili","[""1.2.3.4"", ""3.1.2.4"", ""4.3.1.2"", ""3.4.1. 2"", ""4.3.2.1""]","3"
"9109","IV nəsil kompüterlərə xas olan göstəricilər hansılardır? 1. iş etibarlılığı azdır 2. qabarit ölçüləri xeyli kiçikdir 3. böyük və çox böyük inteqral sxem ilə yaradılıb 4. elektron lampalı elementlərdə qurulub 5. işləmə sürəti kiçikdir","[""2, 4"", ""1, 5"", ""1, 4,"", ""2, 3"", ""1, 3, 5""]","3"
"9109","Maqnit diskdən ilk dəfə EHM-lərin hansı nəslində istifadə edilmişdir ?","[""V"", ""II"", ""IV"", ""I"", ""III""]","4"
"9109","MS Access 2010 cədvəlində sahələrin (sütunların) maximal sayı neçə ola bilər?","[""64"", ""255"", ""65536"", ""128"", ""məhdudiyyət yoxdur""]","1"
"9109","Neçənci nəsil EHM-lərdə Elektron lampalar tətbiq olunurdu?","[""I nəsil"", ""II nəsil"", ""III nəsil"", ""IV nəsil"", ""V nəsil""]","0"
"9109","Neçənci nəsil EHM-lərdə tranzistorlar (yarımkeçiricilər) tətbiq olunurdu?","[""I nəsil"", ""II nəsil"", ""III nəsil"", ""IV nəsil"", ""V nəsil""]","1"
"9109","Neçənci nəsil EHM-lərdə BİS və ÇBİS tətbiq olunurdu?","[""I nəsil"", ""II nəsil"", ""III nəsil"", ""IV nəsil"", ""V nəsil""]","3"
"9109","Kompüterin sürətini xarakterizə edən göstərici hansıdır?","[""sərt diskin həcmi"", ""videoyaddaşın növü"", ""operativ yaddaşın növü"", ""prosessorun takt tezliyi"", ""floppy diskin tutumu""]","3"
"9109","Con Fon Neyman arxitekturasına görə ixtiyari kompüter hansı hissələrdən ibarətdir?","[""Prosessor və monitor"", ""Maus manitor prosessor"", ""Mərkəzi və periferik"", ""Prosessor,maus"", ""Hesabi-məntiqi qurğudan və yaddaşdan""]","2"
"9109","Sistem interfeysi nə üçündür?","[""informasiyanı uzun müddət yadda saxlayır"", ""böyük həcmli informasiyanı yadda saxlayır"", ""informasiyanı kompüterə daxil edir və kompüterdən xaric edir"", ""kompüter qurğularının qarşılıqlı əlaqəsini və onlar arasında informasiya mübadiləsini təmin edir"", ""daxili yaddaş qurğusunda saxlanılan proqramla hesab və məntiq əməliyyatları yerinə yetirir""]","3"
"9109","Aşağıdakılardan hansılar daxili və ya əsas yaddaşın növlərinə aiddir? 1. daimi yaddaş 2. əlavə yaddaş 3. böyük yaddaş 4. xarici yaddaş 5. əməli yaddaş","[""4, 2"", ""1,5"", ""1, 4, 5"", ""2, 3"", ""1, 3, 5""]","1"
"9109","Aşağıdakılardan hansı informasiya daşıyıcısı deyil?","[""disket"", ""kitab"", ""sərt disk"", ""səs platası"", ""coğrafi xəritə""]","3"
"9109","Kompüterlər qabarit ölçülərinə və məhsuldarlığına görə hansı siniflərə bölünür? 1. orta kompüterlər 2. mikro-kompüterlər 3. mini kompüterlər 4. super kompüterlər 5. fərdi kompüterlər","[""1.2.5"", ""1.5"", ""1.4.5"", ""1.2.3.4"", ""1.5""]","3"
"9109","Hansı əməli yaddaşdır ?","[""ROM"", ""RAM"", ""CMOS"", ""HDD"", ""VGA""]","1"
"9109","Əməli yaddaş nə üçündür?","[""Hesabi və məntiqi əməliyyatları yerinə yetirmək"", ""Verilənlərin ötürülməsi prosesini idarə etmək"", ""Qurğuların fiziki idarə olunması"", ""Qurğuların vəziyyətinə nəzarət"", ""Aktiv proqram və verilənlərin qısa müddət saxlanılması""]","4"
"9109","Mikroprosessorun vəzifəsi hansıdır?","[""Kompüteri şəbəkəyə qoşur"", ""Daxil edilmiş məlumatları emal edir"", ""Çıxış məlumatlarını çap edir"", ""Məlumatları daxil edir"", ""Heç biri doğru deyil""]","1"
"9109","Prosessor nədir?","[""Xarici yaddaş qurğusudur"", ""Hesab və məntiq əməliyyatlarını yerinə yetirən və kompüterin ümumi işini idarə edən qurğudur"", ""Kompüterin yaddaşında olan informasiyanı çap edən qurğudur"", ""Kağız üzərində olan informasiyanı kompüterin yaddaşına köçürən qurğudur"", ""Kompüter qurğularının qarşılıqlı əlaqəsini təmin edir""]","1"
"9109","Kompüterdə bu yaddaş yoxdur?","[""ROM"", ""RAM"", ""Keş"", ""Operativ"", ""Statik""]","4"
"9109","Daxili yaddaş başqa necə adlandırılır?","[""keş yaddaş"", ""xarici yaddaş"", ""əməli yaddaş"", ""daimi yaddaş"", ""əsas yaddaş""]","2"
"9109","Müvəqqəti yaddaş hansıdır?","[""virtual yaddaş"", ""xarici yaddaş"", ""daxili yaddaş"", ""əməli yaddaş"", ""CMOS""]","3"
"9109","Kompüterin mərkəzi və periferiya hissələrini əlaqələndirən vasitə necə adlanır?","[""kontroller"", ""sistem interfeysi"", ""keş yaddaş"", ""plotter"", ""daxili yaddaş""]","0"
"9109","Biri digərləri ilə eyni qurğunu ifadə etmir?","[""daimi yaddaş"", ""əməli yaddaş"", ""RAM"", ""müvəqqəti"", ""operativ""]","0"
"9109","Proqramları icra olunduğu müddətdə yadda saxlayan qurğu hansıdır?","[""Əməli yaddaş"", ""Strimmer"", ""Sərt disk"", ""FDD"", ""HDD""]","0"
"9109","Xarici yaddaş qurğusunda informasiya hansı müddətə yadda saxlanılır?","[""5 il müddətinə;"", ""1 il müddətinə;"", ""Uzun məddətə- qeyri müəyyən vaxta;"", ""Yarım il müddətinə :"", ""Kompüterin istismarı müddətinə""]","2"
"9109","İnformasiyanı uzunmüddətli yadda saxlayan qurğu hansıdır?","[""Printer"", ""Monitor"", ""Operativ yaddaş"", ""Skaner"", ""Vinçester""]","4"
"9109","Məlumatı kompüterə daxil edən qurğudur:","[""digitizer"", ""printer"", ""plotter"", ""monitor"", ""driver""]","0"
"9109","məlumatı kompüterdən xaric edən qurğudur:","[""digitizer"", ""printer"", ""skaner"", ""klaviatura"", ""driver""]","1"
"9109","Kompüterin yaddaş sistemi aşağıdakılardan ibarətdir :","[""əməli yaddaş və keş yaddaş"", ""registr yaddaşı, əməli yaddaş, daimi yaddaş, keş yaddaş və xarici yaddaş"", ""prosessorun daxilindəki yaddaş və xarici yaddaş"", ""dinamik və statik yaddaş"", ""regist yaddaşı, əməli yaddaş və keş yaddaş""]","1"
"9109","Fərdi kompüterin əsas qurğuları hansılardır?","[""Sistem bloku, monitor, klaviatura;"", ""Printer, Disket;"", ""Monitor, maus, Printer;"", ""Sistem bloku, Skaner;"", ""Maus, monitor, klaviatura""]","0"
"9109","Məlumatı kompüterdən xaric edən qurğudur:","[""digitizer"", ""proyektor"", ""skaner"", ""klaviatura"", ""driver""]","1"
"9109","Müxtəlif qurğular – skaner, maus, klaviatura və s. qoşulan yuvalar necə adlanır?","[""slot"", ""port"", ""kontroller"", ""sxem"", ""USB""]","1"
"9109","VGA portu hansı qurğunu qoşmaq üçün istifadə olunur?","[""klaviatura"", ""modem"", ""maus"", ""monitor"", ""digitizer""]","3"
"9109","Kompüterin əsas qurğularına: prosessor, daxili yaddaş qurğusu, giriş/çıxış qurğuları və ---------- aiddir.","[""Monitor"", ""Klaviatura"", ""Monitor və klaviatura"", ""Modem"", ""Xarici yaddaş qurğusu""]","2"
"9109","Kompüterin yaddaş tutumu hansı ölçü vahidi ilə ölçülür?","[""Sm"", ""Bit"", ""Piksel"", ""Bayt"", ""Düym""]","3"
"9109","Mausun sol düyməsi basılı vəziyyətdə olmaqla obyektləri sürükləmək hansı texnologiyadır?","[""plug and play"", ""drag and drop"", ""copy"", ""paste"", ""print screen""]","1"
"9109","Əməliyyat sisteminə yeni qurğular qoşularkən sistemin konfiqurasiya fayllarını dəyişdirməsini, drayverləri avtomatik tapıb yükləməsini, qurğunu avtomatik sazlamasını təmin edən texnologiya necə adlanır?","[""Drag and Drop"", ""OLE"", ""Plug and Play"", ""SMART"", ""NTF""]","2"
"9109","Aşağıda verilmiş proqramlardan biri verilənlər bazasının idarə etmə sistemi (VBİS) deyil?","[""Oracle"", ""PAradox"", ""Dbase"", ""1 C"", ""MS Access""]","3"
"9109","Modem nədir?","[""internet serveridir"", ""şəbəkə protokoludur"", ""internet proqramıdır"", ""texniki qurğudur"", ""oyundur""]","3"
"9109","Hansı ikifunksiyalı qurğudur?","[""plotter"", ""printer"", ""fax"", ""maus"", ""touchpad""]","2"
"9109","Aşağıdakılardan hansı texniki qurğu deyil?","[""Prosessor"", ""Strimmer"", ""Printer"", ""Drayver"", ""Video kart""]","3"
"9109","Analoq siqnalı rəqəmli siqnala və əksinə çevirən qurğu necə adlanır?","[""modem"", ""prosessor"", ""kompliyator"", ""adapter"", ""translyator""]","0"
"9109","Kompüteri söndürən zaman bütün informasiya silinir:","[""disketdən"", ""operativ yaddaşdan"", ""CD-dən"", ""sərt diskdən"", ""daimi yaddaşdan""]","1"
"9109","Aşağıdaki variantların hansında göstərilənlər komputerin texniki vasitələridir ?","[""Klaviatura, Printer,Monitor,Maus"", ""Word,Access,Internet,WordPad"", ""Excel,CD-ROM,NotePad,Maus"", ""Windows,Anakart,Monitor,Word"", ""Scaner,Maus,Paint,Photoshop""]","0"
"9109","Skaner nə üçündür?","[""kağız üzərindəki məlumatı kompüterə daxil etmək"", ""Yazı yazmaq"", ""Proqram yazmaq"", ""kompüterdəki məlumatları çap etmək"", ""Mətni ekrana vermək""]","0"
"9109","CD-ROM….?","[""Maqnit yaddaşdır"", ""Yarımkeçirici yaddaşdır"", ""Yaddaş registridir"", ""Perfolentdir"", ""Optik diskləri oxuyan qurğudur""]","4"
"9109","Aşağıdakı qurğulardan hansı kompüterin əsas tərkib hissəsi deyil?","[""Skayner qurğusu"", ""prosessor"", ""əsas yaddaş"", ""xarici yaddaş"", ""monitor""]","0"
"9109","Aşağıdakılardan hansıları sabit yaddaş qurğularıdır?","[""DVD,CD,Disket"", ""RAM,HDD,Disket"", ""RAM,BIOS,Disket"", ""Mikroprosessor,HDD,CD"", ""Registr, CPU, HD""]","0"
"9109","Monitorun növləri hansıdır?","[""LCD,CRT,VCD,sensor ekran"", ""LCD, CRT, plazma ,sensor ekran"", ""LCD, mobile ,TV, VCD"", ""CRT, CPT, VCD, plazma"", ""VHD, DVD, LCD, TV""]","0"
"9109","Alqoritmin hansı xassəsinə görə onun hər bir addımı dəqiq və birmənalı təyin olunmalıdır?","[""Diskret"", ""Kütləvilik"", ""Nəticəlilik"", ""Xəttilik"", ""Müəyyənlik""]","4"
"9109","Alqoritm məsələnin həlli prosesini, hər bir addımın yerinə yetirilməsi üçün sonlu zaman fasiləsi ilə yerin yetirilməsi ardıcıllığı şəklində ifadə etməlidir. Bu alqoritmin hansı xassəsini ifadə edir?","[""Kütləvilik"", ""Diskretlik"", ""Nəticəlilik"", ""Müəyyənlik"", ""Xəttilik""]","1"
"9109","Bir-birinin ardınca yerinə yetirilən addımlar ardıcıllığından ibarət alqoritm hansıdır?","[""Xətti"", ""Kütləvi"", ""Budaqlanan"", ""Diskret"", ""Dövrü""]","0"
"9109","Alqoritmə aid olmayan xassə hansıdır?","[""Diskretlik"", ""Nəticəvilik"", ""Müəyyənlik"", ""Kütləvilik"", ""Dövrilik""]","4"
"9109","Şərtdən asılı olaraq yerinə yetirilən alqoritm hansıdır?","[""Xətti"", ""Kütləvi"", ""Diskret"", ""Dövri"", ""Budaqlanan""]","4"
"9109","Alqoritm kompyuterdə nə ilə icra oluna bilər?","[""Sxemlə"", ""Səslərlə"", ""Proqramla"", ""Video təsvirlərlə"", ""Təbii dildə""]","2"
"9109","İnternetə qoşulmuş komputerin unical ünvanına (və ya adına) nə deyilir?","[""FTP"", ""domen"", ""WWW"", ""SMTP"", ""MAC""]","1"
"9109","Aşağıdakılardan hansı alqoritmin xassəsidir?","[""xətti"", ""heç biri"", ""dövrü"", ""budaqlanan"", ""sadəlik""]","1"
"9109","1000 ədəd arasında ən böyük ədədin tapılması alqoritmi hansıdır?","[""Budaqlanan"", ""Kütləvi"", ""Xətti"", ""Diskret"", ""Dövrü""]","4"
"9109","Kompüterə yüklənən bütün proqramların toplusu necə adlanır?","[""Brainware"", ""Software"", ""Hardware"", ""Netware"", ""Freware""]","1"
"9109","İstifadəçilərin konkret işlər həyata keçirməsini təmin edən proqramlar neçə adlanır?","[""drayverlər"", ""xidməti proqramlar"", ""əməliyyat sistemləri"", ""tətbiqi proqramlar"", ""əməliyyat örtükləri""]","3"
"9109","Servis proqramlarının funksiyaları hansıdır?","[""müxtəlif formatlı rəsmlər yaradır və redaktə edir"", ""istifadəçiyə əlavə xidmətlər göstərir və əməliyyat sistemlərinin imkanlarını genişləndirir"", ""informasiyanı daxil və xaric edir"", ""əlaqələndirilmiş fayllar qrupu yaradır"", ""istifadəçinin məsələlərini həll edir""]","1"
"9109","Fayl virusunun əsas xüsusiyyəti:","[""Fayl sistemini sıradan çıxardır"", ""Disklərin yükləmə sektorunu zədələyir"", ""Həm faylları, həm də diskləri zədələyir"", ""Faylla daxil olaraq onları korlayır"", ""Şəbəkə sistemini pozur""]","0"
"9109","Yükləmə virusunun əsas xüsusiyyəti:","[""Fayl sistemini sıradan çıxardır"", ""Faylları korlayır"", ""Həm faylları, həm də diskləri zədələyir"", ""Disklərin yükləmə sektorunu zədələyir."", ""Şəbəkə sistemini pozur""]","3"
"9109","Şəbəkə virusunun əsas xüsusiyyəti:","[""Həm faylları, həm də diskləri zədələyir"", ""Faylları korlayır"", ""Lokal şəbəkəyə və internetə ziyan vuraraq, orada fəaliyyət göstərir"", ""Fayl sistemini sıradan çıxardır"", ""Disklərin yükləmə sektorunu zədələyir""]","2"
"9109","Hansı sistem proqramı deyil?","[""UNİX"", ""Paint"", ""Norton Comander"", ""Linux"", ""Avira""]","1"
"9109","Diskdəki boş sahələri taparaq aradan qaldırmaq üçün istifadə tutulan proqram?","[""Scan-Disk"", ""Drive-Space"", ""Arxivator"", ""Antivirus"", ""Əməliyyat sistemi""]","0"
"9109","Üsulyönlü proqram hansı variantda göstərilmişdir?","[""Ubuntu"", ""Solaris"", ""Smart"", ""Mathlab"", ""Lexicon""]","3"
"9109","MS Word 2010 faylına əlavə edilmiş şəkillə işləmək üçün hansı alt lent tabı (tool tab) nəzərdə tutulub?","[""Design"", ""Format"", ""İnsert"", ""Layout"", ""View""]","1"
"9109","Kompüterdə instalyasiya olunan (quraşdırılan) fayllar harada saxlanılır ?","[""Desktop"", ""Program files"", ""Do wnloads"", ""My documents"", ""Control panel""]","1"
"9109","Hansı proqramlar digər proqramların yaradılması üçün istifadə olunurlar?","[""Xidməti"", ""Tətbiqi"", ""Utilit"", ""İnstrumental"", ""Servis""]","3"
"9109","Utilitlər hara daxildir?","[""Sistem proqramlarına"", ""Tətbiqi proqramlara"", ""İnstrumental proramlara"", ""Əməliyyat sistemlərinə"", ""Drayverlərə""]","0"
"9109","Drayverlər proqram təminatının hansı növünə aiddir?","[""Sistem proqramlarına"", ""Tətbiqi proqramlara"", ""İnstrumental proramlara"", ""Əməliyyat sistemlərinə"", ""Heç birinə""]","0"
"9109","Fayl nədir?","[""Diskin adlandırılmış hissəsidir"", ""Qovluqların saxlandığı yerdir"", ""İnformasiyanın emal olunduğu yerdir"", ""Bir ümumi ad altında saxlanan proqramlar toplusudur"", ""Kataloqların saxlandığı yerdir""]","0"
"9109","Tətbiqi proqram hansıdır ?","[""Kaspersky"", ""Avast"", ""Avira"", ""Oracle"", ""Backup""]","3"
"9109","Aşağıdakılardan hansı əməliyyat sistemi deyil?","[""MS Windows"", ""MS DOS"", ""UNIX"", ""MS Word"", ""LINUX""]","3"
"9109","Əməliyyat sistemi hansıdır?","[""Delpi"", ""C++"", ""Pascal"", ""DOS"", ""Word""]","3"
"9109","FAT (File Alloction) cədvəli üzrə diskdə 1 sektorun ölçüsü neçə bayt təşkil edər?","[""512"", ""64"", ""256"", ""1024"", ""32""]","0"
"9109","Əməliyyat sisteminin funksiyası deyil:","[""İstifadəçi ilə kompüter arasında əlaqə"", ""Hesablamaları aparır"", ""Faylların saxlanmasını və mübadiləsini təmin edir"", ""Kompüterin qurğularını idarə edir"", ""A və B""]","1"
"9109","Əməliyyat sistemində faylın ad genişlənməsi aşağıdakılardan hansı ola bilər (MS DOS)","[""dock"", ""dfgh"", ""rdbc"", ""aviye"", ""zs""]","4"
"9109","Faylın adında hansı işarəyə icazə verilmir?","[""%"", ""?"", ""#"", ""!"", ""@""]","1"
"9109","Aşağıdakı ardıcıllıqlardan hansı doğrudur?","[""Word-xls"", ""Excel-xls"", ""Power-Point-mdb"", ""Access-ppt"", ""Word-ppt""]","1"
"9109","Fayın adında hansı işarəyə icazə verilir?","[""?"", ""="", ""*"", ""\\"", "":""]","1"
"9109","NTFS fayl sistemi ilə maksimum hansı ölçüdə məntiqi disk yaratmaq olar?","[""64 Terabayt"", ""64 Geqabayt"", ""256 Terabayt"", ""256 Meqabayt"", ""4 Geqabayt""]","2"
"9109","Windows istifadəçiyə hansı tip interfeys təqdim edir ?","[""qrafik"", ""sətir"", ""lokal"", ""fayl"", ""əmr""]","0"
"9109","Konteks menyunun əsas vəzifəsi nədir ?","[""Fəal proqramların birindən digərinə asanlıqla keçid"", ""Son vaxt işlənmiş sənədlərə daxil olmaq"", ""Obyektin xassələrinə, əmrlərə çevikliklə daxil olmaq"", ""Qovluq və faylları axtarmaq"", ""Proqramların emalı üçün nəzərdə tutulur""]","2"
"9109","Start menyusundakı hansı əmr vasitəsilə ən son istifadə olunmuş fayllara baxmaq olar?","[""Programs"", ""Run"", ""Settings"", ""Search"", ""Recent items""]","4"
"9109","Start menyunun Recent İtems qovluğunda maksimum neçə obyekt saxlanılır ?","[""15"", ""20"", ""60"", ""30"", ""24""]","0"
"9109","MS Access 2010 proqramında cədvəlin sahə tipləri hansı rejimdə təyin edilir?","[""əməli rejim"", ""çap rejimində"", ""önbaxış rejimində"", ""konstruktiv rejimində"", ""hesabat rejimində""]","3"
"9109","Hər hansı bir pəncərənin işini yeniləyən düymə hansıdır?","[""F1"", ""F3"", ""F5"", ""F7"", ""F9""]","2"
"9109","Hansı variantdakı element tapşırıqlar paneli (Taskbar) üzərində yerləşir?","[""My Document"", ""My Computer"", ""Networks"", ""Notification"", ""Recycle Bin""]","3"
"9109","Verilənlərdən hansı Windows sistemində əsas pəncərə növlərindən biridir?","[""Desktop pəncərəsi"", ""Explorer"", ""Excel pəncərəsi"", ""Paint pəncərəsi"", ""Dialoq pəncərəsi""]","4"
"9109","Faylın qısayolunu (shortcut) sildikdə nə baş verir?","[""Fayl silinir"", ""Faylın yeri dəyişir"", ""Ancaq qısayol silinir, fayl silinmir"", ""Fayl silinir, qısayol silinmir"", ""Fayl zədələnir""]","2"
"9109","Windows 7 əməliyyat sistemində copy əmrindən sonra neçə dəfə paste əmrini istifadə etmək olar?","[""1"", ""5"", ""24"", ""16"", ""mübadilə buferindən silinənə qədər""]","4"
"9109","Windows 7 əməliyyat sistemində cut əmrindən sonra neçə dəfə paste əmrini istifadə etmək olar ?","[""1"", ""5"", ""24"", ""16"", ""mübadilə buferindən silinənə qədər""]","4"
"9109","Windows əməliyyat sistemində copy əmrindən sonra neçə dəfə paste shortcut əmrini istifadə etmək olar ?","[""7"", ""1"", ""24"", ""istifadə etmək olmayacaq"", ""mübadilə buferindən silinənə qədər""]","4"
"9109","Windows-da işçi stol necə adlanır?","[""Desktop"", ""Qovluq"", ""File"", ""Program"", ""Explorer""]","0"
"9109","Axtarış pəncərəsini açmaq üçün istifadə olunan düymə","[""F1"", ""F3"", ""F5"", ""F7"", ""F9""]","0"
"9109","Obyektin üzərində siçanın sağ düyməsini basdıqda açılan menyu necə adlanır?","[""Kontekst menyu"", ""Əsas menyu"", ""Sistem menyusu"", ""Program menyu"", ""Sənəd menyusu""]","0"
"9109","Verilənlərdən hansı Windows sistemində əsas pəncərə növlərindən biridir?","[""Sorğu sisteminin pəncərəsi"", ""Yarlık pəncərəsi"", ""Fayl pəncərəsi"", ""Antivirus pəncərəsi"", ""Desktop pəncərəsi""]","0"
"9109","Açılmış pəncərələrin ekranda yanbayan əks olunması üçün taskbar-ın konteks menyusundan hansı sətir seçilməlidir?","[""Cascade windows"", ""Show windows stacked"", ""Show windows side by side"", ""Show Desktop"", ""Lock the taskbar""]","0"
"9109","Windowsda pəncərələrlə hansı mümkün deyil ?","[""Pəncərəni ekranın aşağı hissəsinə qoymaq"", ""Pəncərəni ekran boyu böyütmək"", ""Pəncərəni bağlamaq"", ""Pəncərəni kiçiltmək"", ""Pəncərəni müxtəlif fiqurlarla göstərmək""]","4"
"9109","Aktiv pəncərədəki obyektlərin sayını əks etdirən hissə hansıdır?","[""Hərəkət paneli"", ""Menyu paneli"", ""İşçi sahə"", ""Ünvan sətri"", ""Vəziyyət sətri""]","4"
"9109","Qısayolun (shortcut) mahiyyəti nədir?","[""Obyektin gizli surətini göstərir"", ""Obyektə keçmək üçün göstəricidir"", ""Obyektin silinməyə hazır olduğunu göstərir"", ""Obyektin kəsildiyini göstərir"", ""Obyektin boş olduğunu göstərir""]","1"
"9109","Sənədin kontekst menyusunda hansı əmr, həmin obyektin artıq sıxlaşdırılmış olduğunu bildirir?","[""Extract Here"", ""Add to Archive"", ""Compress and email..."", ""Compress to “qovluğun adı” and email"", ""Add to “Qovluğun adı”""]","0"
"9109","Aşağıdakılardan hansı MS Word 2010 proqramında cədvəllərlə işləmək üçün nəzərdə tutulan alət lenti tabıdır?","[""Design"", ""Format"", ""View"", ""References"", ""Mailings""]","0"
"9109","Taskbar-da belə bir hissə yoxdur?","[""Recycle Bin"", ""Notification"", ""Start"", ""Language bar"", ""Show desktop""]","0"
"9109","Aktiv proqramı taskbara pin etmək üçün hansı əmrdən istifadə olunur ?","[""Pin this program to taskbar"", ""Pin to Start menu"", ""Pin to Taskbar"", ""Unpin this program from taskbar"", ""Unpin this program from Start menu""]","2"
"9109","Language bar ilə Show desktop düyməsi arasında yerləşən hissə necə adlanır?","[""Start"", ""Gadgets"", ""Notification"", ""cari fayl və proqramlar"", ""Bərkidilmiş proqramlar""]","2"
"9109","Taskbar displeyin hansı hissəsində dayana bilməz?","[""Yuxarı"", ""Aşağı"", ""Sol"", ""Sağ"", ""Orta""]","2"
"9109","Windows sistemində tətbiqi proqramı işə saldıqdan sonra həmin proqramın piktoqramı düymə şəklində hansı elementdə yerləşir?","[""Desktop"", ""Start"", ""Taskbar"", ""My Computer"", ""Quick Launch""]","2"
"9109","Shut down-un belə bir alt əmri yoxdur:","[""Sleep"", ""Wake"", ""Log off"", ""Lock"", ""Hibernate""]","1"
"9109","Kompüteri yenidən yükləmək üçün hansı əmrdən istifadə etmək lazımdır?","[""Shut Down"", ""Restart"", ""Hybernate"", ""Switch Users"", ""Log off""]","1"
"9109","Verilənlərdən hansı Start menysunun əmridir?","[""Copy"", ""Cut"", ""Paste"", ""control panel"", ""Networks""]","3"
"9109","Gizlədilmiş obyektlərin ekranda görünüb- görünməməsi Windows 7 əməliyyat sistemində hansı əmrlə həyata keçirilir?","[""View~~Details (Görünüş~~Təfərrüatlar"", ""View~~Content (Görünüş~~Məzmun)"", ""Organize~~Layout( Təşkil et~~Düzüm)"", ""Organize~~Folder and search options( Təşkil et~~Qovluq və axtarış sistemləri)"", ""View~~List (Görünüş~~Siyahı)""]","3"
"9109","Windows 7 ƏS-də siçanın göstəricisini dəyişmək üçün hara müraciət etmək lazımdır?","[""Kontekst menyu"", ""Computer"", ""Network"", ""Control Panel"", ""Taskbar""]","3"
"9109","“Send To” əmri ilə nəyi etmək olmaz?","[""Sənədin yerini iş masasına dəyişmək"", ""Sənədin sürətini CD-ə göndərmək"", ""Sənədin sürətini DVD-ə göndərmək"", ""Sənədin sürətini flasha göndərmək"", ""Sənədin qısayolunu iş masasında yaratmaq""]","4"
"9109","Rastr qrafik redaktorunda minimal obyekt nədir?","[""vektor"", ""piksel"", ""qövs"", ""düz xətt"", ""paint""]","1"
"9109","ASCII sistemində yazılmış imtahan sözü neçə bitdən ibarətdir?","[""1024"", ""7"", ""112"", ""56"", ""14""]","3"
"9109","Hansı avtomatlaşdırılmış layihələndirmə sistemidir?","[""Paint"", ""Photoshop"", ""Macromedia Freehand"", ""Maya"", ""AutoCad""]","4"
"9109","Qlobal şəbəkə əsasən 4 cür olur. Cavablardan hansı artıqdır?","[""Şəhər"", ""Fərdi"", ""Regional"", ""Milli"", ""Transmilli""]","1"
"9109","Aşağıdakılardan hansı lokal şəbəkə texnologiyasıdır?","[""Getaway"", ""HTTP"", ""SDLC"", ""Token Ring"", ""HOST""]","3"
"9109","Hansı lokal şəbəkə topologiyalarından biridir?","[""HTTP"", ""İyerarxik"", ""Token Ring"", ""Yarpaqlı"", ""FDDI""]","2"
"9109","Verilənlərdən hansı lokal şəbəkə texnologiyasıdır?","[""Arcnet"", ""UTP"", ""SDLC"", ""HTTP"", ""HOST""]","0"
"9109","WAN nədir?","[""World area network"", ""World area nets"", ""Wide area network"", ""World all network"", ""World wibe web""]","2"
"9109","Alqoritm sözü kimin adı ilə bağlıdır?","[""Əl-Biruni"", ""Nəsrəddin Tusi"", ""Əl- Xarəzmi"", ""Əl- Marağayi"", ""Heç biri""]","2"
"9109","İnformasiyanın etibarlılığı xassəsi aşağıdakılardan hansında düzgün ifadə olunmuşdur?","[""onun əks olunan parametrlə nə dərəcədə yaxın olduğunu göstərir;"", ""onun real obyekti zəruri dəqiqliklə əks etdirməsini göstərir;"", ""düzgün qərar qəbul etmək üçün informasiyanın kifayət qədər olması;"", ""onun müxtəlif sferalarda tətbiq olunması ilə xarakterizə olunur;"", ""cavabların hamısı doğrudur.""]","1"
"9109","Windowsun aksesuarlarına hansı proqramlar daxildir?","[""paint, kalkulyator, Wordpad"", ""excel, access, avg"", ""basic, paskal, fortran"", ""assembler, PL, delfi"", ""hard disk, RAM, BİOS""]","0"
"9109","Search əmrindən hansı məqsədlərlə istifadə olunur?","[""yerini bilmədiyimiz müxtəlif tip fayl və qovluqları axtarmaq üçün"", ""yeni qovluq yaratmaq üçün"", ""kompyuterlərə proqramlar yükləmək üçün"", ""internetə daxil olmaq üçün"", ""kompyuterin yaddaşındakı sənədləri oxumaq üçün""]","0"
"9109","Delete düyməsi hansı əməliyyatı yerinə yetirir?","[""Kursordan sağ tərəfdə yerləşən işarəni silir"", ""Sətirlər arası məsafəni təyin edir"", ""Kursordan sol tərəfdə yerləşən işarəni silir"", ""Kursoru sətrin əvvəlinə gətirir"", ""Cavabların hamısı yalnışdır""]","0"
"9109","İşçi stolun əsas obyektləri hansılardır?","[""My computer, My documents, Recycle Bin, internet explorer obyektləri"", ""Start düyməsi, şəkillər, rənglər"", ""işçi stolda olan sənədlər, proqram nişanları, yarliklar"", ""Kompyuterin yaddaş qurğuları, proqram nişanları və sənədlər"", ""klaviatura, maus və printer""]","0"
"9109","İnformasiyanın tamlığı xassəsi aşağıdakılardan hansında düzgün ifadə olunmuşdur?","[""onun əks olunan parametrlə nə dərəcədə yaxın olduğunu göstərir;"", ""onun real obyekti zəruri dəqiqliklə əks etdirməsini göstərir;"", ""düzgün qərar qəbul etmək üçün informasiyanın kifayət qədər olması;"", ""onun müxtəlif sferalarda tətbiq olunması ilə xarakterizə olunur;"", ""cavabların hamısı doğrudur.""]","2"
"9109","Obyektləri zənbilə getmədən kompyuterdən silinməsi üçün nə etmək lazımdır?","[""shift+del düyməsini sıxmaqla"", ""enter düyməsini sıxmaqla"", ""Open əmri ilə"", ""restore ilə"", ""Start düyməsini sıxmaqla""]","0"
"9109","İxtiyari informasiya xarici yaddaşda nə şəkildə saxlanılır?","[""proqram"", ""cədvəl"", ""sənəd"", ""fayl"", ""cavabların hamısı düzdür""]","3"
"9109","Faylın adı neçə hissədən ibarətdir?","[""1"", ""8"", ""2"", ""255"", ""cavabların hamısı düzdür""]","2"
"9109","Hansı əməliyyat sistemi birməsələli əməliyyat sistemidir?","[""Windows"", ""Ms Dos"", ""Linux"", ""Unix"", ""Solaris""]","1"
"9109","DNS- xidməti nə üçündür?","[""kompyuterin IP ünvandan istifadə edə bilməsi üçün;"", ""İnternetə qoşulmaq üçün;"", ""Şəbəkələr arafsı informasiya mübadiləsini təmin etmək üçün;"", ""İP ünvanın URL ünvana çevrilməsi üçün"", ""istifadəçi adı üçün.""]","3"
"9109","WWW proyektinin müəllifi kimdir?","[""Tim-Berners-Lee"", ""Robert Vinner"", ""Bill Gates"", ""Larry Page"", ""Sergey Brin""]","0"
"9109","IV nəsil kompyuterlərə aiddir?","[""Yarımkeçiricilər"", ""İnteqral sxemlər"", ""Lampalar"", ""Tranzistorlar"", ""Böyük inteqral sxemlər""]","4"
"9109","İBM firmasının istehsal etdiyi fərdi kompyuterlərdən ən çox harada istifadə olunur?","[""Amerika"", ""Yaponiya"", ""Şimali Amerika"", ""Cənubi Amerika"", ""Afrika və Avropa""]","4"
"9109","Token Ring lokal şəbəkəsində kompyuterlər hansı şəkildə birləşdirilir?","[""Ağacvari"", ""Ulduzvari"", ""Halqavari"", ""Şin"", ""Heç biri""]","2"
"9109","Kütləvi istifadə üçün nəzərdə tutulan proqramlaşdırma dili hansıdır?","[""C"", ""Cobol"", ""Pascal"", ""Basic"", ""Fortran""]","0"
"9109","Aşağıdakılardan hansı şəbəkə əməliyyat sistemidir?","[""MS-DOS"", ""Windows 95"", ""OS/2"", ""Solaris"", ""Windows 98""]","3"
"9109","“uk” domeni hansı ölkəyə mənsubdur?","[""Ukrayna"", ""Danimarka"", ""Böyük Britaniya"", ""Rusiya"", ""Fransa""]","2"
"9109","IP-ünvan nədir?","[""şəbəkədə kompyuteri identfikasiya etmək üçün dörd baytdan ibarət, onluq şəkildə yazılmış, bir-birindən nöqtə ilə ayrılmış ədədlər qrupu"", ""Kompyuterin mətn tipli ünvanı;"", ""URL ünvan"", ""Kompyuterin yerləşdiyi serverin ünvanı"", ""İnternetdə sənədin ünvanı 1 4 5 + x = 2 4 7""]","0"
"9109","Cut əmri nə üçün istifadə edilir?","[""seçili obyekti silir"", ""seçili obyekti köçürərək buferə yazır"", ""Obyektə daxil olur"", ""seçili obyekti silərək buferə yazır"", ""Seçili obyekti yadda saxlayır""]","3"
"9109","İnformatika hansı sözlərdən yaranmışdır?","[""İnformasiya və avtomaşın"", ""İnformasiya və avtomatika"", ""İnfuzor və artika"", ""İnformatik və avtomatika"", ""İnformasiya və aviasiya""]","1"
"9109","İnformasiya nədir?","[""Anlayış"", ""Məlumat, xəbər"", ""Arayış"", ""Xassə"", ""Heç biri""]","1"
"9109","Kompyuterin əsas qurğuları hansılardır?","[""monitor, maus, skaner"", ""monitor,printer, klaviatura"", ""monitor, klaviatura, sistem bloku, maus"", ""monitor, maus, RAM"", ""BİOS, maus, skaner""]","2"
"9109","Ms Word 2010-da ""File"" menyusuna nə daxil deyil ?","[""Save As"", ""Page Setup"", ""Open"", ""Font"", ""Send To""]","3"
"9109","Hansı antivirus proqramı deyil?","[""Doctor Web"", ""Lisp"", ""AVG"", ""Avira"", ""NOD 32""]","1"
"9109","FAT nədir?","[""şəbəkəni idarə edən xüsusi proqramdır"", ""xüsusi şəbəkə qurğusudur"", ""faylların yerləşməsi cədvəlidir"", ""ünvan fəzasıdır"", ""diskin bərabər bölgülü hissəsidir""]","2"
"9109","İnsert düyməsi ilə bağlı fikirlərdən hansı doğrudur?","[""Kursordan sağ tərəfdə yerləşən işarəni silir"", ""Sətirlər arası məsafəni təyin edir"", ""Kursordan sol tərəfdə yerləşən işarəni silir"", ""Daxiletmə rejimini aktivləşdirir"", ""Böyük hərflər rejimini aktivləşdirir""]","3"
"9109","Hansı əməliyyat sistemi birməsələli əməliyyat sistemidir?","[""Windows"", ""Ms Dos"", ""Linux"", ""Unix"", ""Solaris""]","1"
"9109","Faylın genişlənmə hissəsi bildirir:","[""faylda saxlanan informasiyanın növünü"", ""faylda saxlanan kataloqun adını"", ""faylın ölçüsünü"", ""faylın tam adını"", ""faylın tam yolunu""]","0"
"9109","Aşağıda göstərilən proqramlardan hansı Ms Office paketinə daxil deyil?","[""Paint"", ""Ms Word"", ""Outlook"", ""Publisher"", ""İnfoPath""]","0"
"9109","BİOS-un əsas funksiyası nədir?","[""kompyuter qurğularının işinin sazlığını yoxlamaq və əməliyyat sistemini hard diskdən əməli yaddaşa yükləmək"", ""Kompyuterlə istifadəçi arasında əlaqə yaratmaq"", ""əməliyyat sistemini yaddaşa yükləmək"", ""səhvləri təhlil etmək"", ""kompyuteri sazlamaq""]","0"
"9109","Drayver dedikdə nə başa düşülür?","[""kompyuterin qurğuları başa düşülür"", ""qurğuların işini idarə edən proqram başa düşülür"", ""əsas yaddaş qurğusudur"", ""müvəqqəti yaddaş qurğusudur"", ""Hesablayıcı qurğudur""]","1"
"9109","Proqram təminatına nələr daxildir?","[""Sistem proqramlar, proqramlaşdırma vasitələri, proqram paketləri"", ""istifadəçi sənədləri və ana kart"", ""RAM və BİOS"", ""Hard disk və əməliyyat sistemi"", ""scaner və istifadəçi sənədləri""]","0"
"9109","Əməliyyat sistemi dedikdə nə başa düşülür?","[""Əsas yaddaş qurğusu"", ""kompyuterin işini idarə edən əsas proqram"", ""Məlumatlari yadda saxlayan qurğu"", ""məlumatları çap edən qurğu"", ""Sabit disk qurğusu"", ""Kompyuterin işini test edən qurğu""]","1"
"9109","Əməliyyat sisteminin əsas funksiysı nədir?","[""məlumatlari yadda saxlayir"", ""kompyuterin işini idarə edir, istifadəçi ilə kompyuter arasında əlaqə yaradır"", ""gərginliyi tənzimləyir"", ""aralıq verilənləri yadda saxlayır"", ""verilənləri emal edir""]","1"
"9109","Printerin funksiyası nədir?","[""məlumatlari kağıza çap edir"", ""məlumatları yaddaşa yazır"", ""kompyuterin sazlığını yoxlayır"", ""informasiyanı yadda saxlayır"", ""məlumatları kağızdan oxuyur""]","0"
"9109","Scaner qurğusu nə üçün istifadə olunur?","[""məlumatlari çap edir"", ""kağızda olan təsvirləri oxuyur və yaddaşa yazır"", ""verilənləri yadda saxlayır"", ""istifadəçi ilə əlaqə yaradır"", ""kompyuterin işini test edir""]","1"
"9109","Qlobal şəbəkələrin TPP-nin əsas vazifəsi nədir?","[""İstifadəçinin ərazilər üzrə paylanmış ümumi şəbəkə resurslarına, verilənlər bazasına müraciəti, məlumatların ötürülməsini etibarlı təmin etməkdən ibarətdir"", ""İxtisaslaşdırılmış tətbiqi proqramlar paketinə müraciət"", ""Xidmətçi proqramlara müraciət"", ""Proqram instrumental vasitələrinə müraciət"", ""İnteqrasiya olunmuş tətbiqi proqramlar paketinə müraciət""]","0"
"9109","Windows mühit örtüyü hansı tərkib hissələrdən ibarətdir?","[""əsas və əlavə yaddaş qurğuları"", ""işçı stol və məsələlər lövhəsi"", ""Hard disk və prosessor"", ""RAM və BİOS"", ""Qida bloku və prosessor""]","1"
